year,loss
1,0.00
2,1372572.14
3,0.00
4,0.00
5,0.00
6,0.00
7,11013345.37
8,0.00
9,0.00
10,0.00
11,0.00
12,0.00
13,0.00
14,5439162.19
15,0.00
16,1062677.29
17,58466742.96
18,0.00
19,0.00
20,6839157.53
21,0.00
22,0.00
23,5374915.61
24,11822786.16
25,1395165.65
26,0.00
27,0.00
28,0.00
29,8815866.19
30,0.00
31,0.00
32,62201684.58
33,0.00
34,0.00
35,0.00
36,2120734.76
37,0.00
38,0.00
39,13071341.74
40,0.00
41,11519654.60
42,2409316.24
43,2783333.22
44,2063240.93
45,14340303.81
46,0.00
47,4441048.55
48,3240530.43
49,0.00
50,0.00
51,17943590.03
52,0.00
53,0.00
54,0.00
55,8869569.07
56,0.00
57,7025632.23
58,774227.41
59,18705409.38
60,13659517.33
61,0.00
62,0.00
63,0.00
64,0.00
65,0.00
66,10656695.01
67,0.00
68,0.00
69,14752020.73
70,0.00
71,0.00
72,3320172.54
73,1365874.76
74,8346853.68
75,0.00
76,4369692.34
77,13144573.37
78,1012135.56
79,0.00
80,0.00
81,0.00
82,14878197.11
83,540780.47
84,2437421.67
85,19872815.42
86,0.00
87,1480446.35
88,0.00
89,0.00
90,0.00
91,0.00
92,0.00
93,0.00
94,0.00
95,0.00
96,0.00
97,0.00
98,0.00
99,0.00
100,0.00
101,934485.73
102,16282696.91
103,4730083.12
104,0.00
105,0.00
106,0.00
107,9212290.60
108,0.00
109,0.00
110,12100709.42
111,2150214.23
112,0.00
113,0.00
114,0.00
115,0.00
116,0.00
117,0.00
118,13366423.74
119,0.00
120,0.00
121,0.00
122,0.00
123,3337054.55
124,0.00
125,1697147.22
126,943260.65
127,0.00
128,0.00
129,6282682.35
130,9316552.94
131,0.00
132,936180.78
133,11405412.38
134,0.00
135,0.00
136,14489041.99
137,0.00
138,0.00
139,0.00
140,0.00
141,5086492.02
142,0.00
143,0.00
144,0.00
145,0.00
146,0.00
147,14704109.60
148,0.00
149,178174.58
150,0.00
151,0.00
152,0.00
153,8023028.27
154,239112.71
155,2148468.15
156,0.00
157,29215066.63
158,72405048.51
159,61754881.89
160,0.00
161,10682579.27
162,0.00
163,0.00
164,0.00
165,0.00
166,0.00
167,6738906.54
168,201972159.42
169,0.00
170,0.00
171,0.00
172,1870549.02
173,9666133.96
174,4475433.97
175,0.00
176,0.00
177,0.00
178,0.00
179,14050728.37
180,0.00
181,20799339.67
182,0.00
183,0.00
184,12081297.22
185,33434336.37
186,0.00
187,319423.75
188,0.00
189,7574811.99
190,0.00
191,5495279.97
192,0.00
193,0.00
194,0.00
195,7898633.01
196,2165380.98
197,1914820.49
198,0.00
199,0.00
200,10098443.67
201,0.00
202,9017401.13
203,40131423.96
204,86601351.56
205,0.00
206,0.00
207,1863251.55
208,0.00
209,0.00
210,0.00
211,9980329.79
212,21274478.93
213,28501368.13
214,0.00
215,6500618.82
216,4288213.80
217,0.00
218,4594182.74
219,0.00
220,18117248.23
221,0.00
222,0.00
223,0.00
224,7064242.79
225,0.00
226,1721606.36
227,27831308.83
228,0.00
229,0.00
230,0.00
231,953130.07
232,0.00
233,0.00
234,30186518.61
235,61236240.50
236,0.00
237,28857493.52
238,0.00
239,6144107.45
240,0.00
241,0.00
242,2362400.54
243,18622688.73
244,0.00
245,0.00
246,0.00
247,0.00
248,0.00
249,28973514.42
250,2296067.65
251,0.00
252,2805801.57
253,0.00
254,0.00
255,0.00
256,3298316.95
257,0.00
258,0.00
259,0.00
260,0.00
261,0.00
262,0.00
263,0.00
264,2761719.97
265,0.00
266,3487854.47
267,0.00
268,0.00
269,0.00
270,0.00
271,34711039.57
272,0.00
273,0.00
274,0.00
275,46038372.35
276,20022780.21
277,0.00
278,0.00
279,0.00
280,0.00
281,0.00
282,0.00
283,5055535.50
284,0.00
285,854975.69
286,0.00
287,0.00
288,7910378.22
289,2271779.42
290,0.00
291,0.00
292,0.00
293,0.00
294,0.00
295,0.00
296,3204905.23
297,0.00
298,0.00
299,2728022.23
300,782654.43
301,0.00
302,0.00
303,0.00
304,0.00
305,1362431.98
306,0.00
307,0.00
308,0.00
309,0.00
310,0.00
311,0.00
312,0.00
313,0.00
314,0.00
315,0.00
316,0.00
317,0.00
318,0.00
319,0.00
320,0.00
321,0.00
322,0.00
323,370636.82
324,9997852.79
325,29419704.73
326,0.00
327,0.00
328,4916304.56
329,2551061.04
330,0.00
331,40431512.20
332,3167300.67
333,13710435.60
334,4927847.22
335,0.00
336,13823918.38
337,0.00
338,0.00
339,0.00
340,0.00
341,0.00
342,0.00
343,0.00
344,13141819.10
345,0.00
346,0.00
347,6540680.37
348,0.00
349,0.00
350,0.00
351,9347211.25
352,13936686.37
353,0.00
354,0.00
355,53036259.70
356,0.00
357,7316590.60
358,6756196.39
359,0.00
360,704871.03
361,0.00
362,7371977.82
363,0.00
364,305403.79
365,4756367.22
366,0.00
367,35474318.79
368,0.00
369,0.00
370,0.00
371,0.00
372,0.00
373,0.00
374,0.00
375,0.00
376,28888023.33
377,0.00
378,0.00
379,0.00
380,23363833.99
381,7882145.95
382,0.00
383,0.00
384,989772.29
385,0.00
386,0.00
387,0.00
388,0.00
389,0.00
390,2559162.88
391,0.00
392,11308810.67
393,0.00
394,0.00
395,2294834.34
396,0.00
397,2232646.32
398,0.00
399,0.00
400,1582897.23
401,3594180.43
402,0.00
403,0.00
404,0.00
405,12427515.46
406,0.00
407,4415118.27
408,0.00
409,0.00
410,0.00
411,0.00
412,0.00
413,0.00
414,630960.51
415,0.00
416,0.00
417,20188428.23
418,1883397.18
419,27646525.59
420,0.00
421,0.00
422,0.00
423,0.00
424,16609739.19
425,0.00
426,0.00
427,0.00
428,27747967.21
429,0.00
430,3645270.27
431,2730853.95
432,0.00
433,14267257.77
434,18348051.05
435,1228060.00
436,0.00
437,2922188.24
438,1297514.09
439,0.00
440,0.00
441,0.00
442,2656168.46
443,0.00
444,0.00
445,0.00
446,0.00
447,0.00
448,0.00
449,0.00
450,0.00
451,0.00
452,7172172.47
453,7878925.08
454,0.00
455,1297170.37
456,7682214.89
457,10815297.55
458,0.00
459,32701099.49
460,45586810.11
461,2207580.43
462,0.00
463,11293047.84
464,0.00
465,44132398.03
466,0.00
467,6757120.02
468,2801981.41
469,0.00
470,10588362.39
471,0.00
472,0.00
473,0.00
474,0.00
475,2277847.60
476,9907606.84
477,0.00
478,14496816.00
479,0.00
480,0.00
481,0.00
482,0.00
483,18192887.00
484,0.00
485,0.00
486,161785.55
487,0.00
488,0.00
489,0.00
490,1070217.09
491,0.00
492,0.00
493,0.00
494,0.00
495,0.00
496,5281075.53
497,0.00
498,5770227.31
499,19566944.30
500,0.00
501,0.00
502,1508981.24
503,1848703.45
504,1375389.80
505,0.00
506,0.00
507,0.00
508,4431160.12
509,25979360.08
510,0.00
511,32376960.23
512,0.00
513,0.00
514,0.00
515,31323453.04
516,0.00
517,0.00
518,0.00
519,0.00
520,0.00
521,0.00
522,4648376.27
523,4796888.11
524,0.00
525,13058721.71
526,0.00
527,0.00
528,3106241.90
529,2128657.86
530,0.00
531,0.00
532,0.00
533,6427350.57
534,8974362.52
535,0.00
536,1444731.11
537,0.00
538,0.00
539,0.00
540,0.00
541,0.00
542,5573412.33
543,0.00
544,2328389.80
545,0.00
546,3624900.10
547,0.00
548,0.00
549,0.00
550,2617444.22
551,0.00
552,8634399.82
553,0.00
554,0.00
555,0.00
556,0.00
557,0.00
558,9702986.57
559,12994885.35
560,62590012.18
561,0.00
562,33344102.66
563,0.00
564,0.00
565,0.00
566,0.00
567,0.00
568,24702440.50
569,0.00
570,4539650.73
571,27424.61
572,0.00
573,0.00
574,40770047.20
575,0.00
576,20266015.55
577,0.00
578,0.00
579,0.00
580,0.00
581,2254072.67
582,0.00
583,0.00
584,0.00
585,0.00
586,0.00
587,8449654.01
588,0.00
589,32391194.79
590,2818406.68
591,0.00
592,2528042.39
593,0.00
594,0.00
595,0.00
596,0.00
597,0.00
598,0.00
599,0.00
600,18261936.02
601,0.00
602,0.00
603,1963254.74
604,6723353.53
605,3876130.91
606,0.00
607,0.00
608,0.00
609,0.00
610,0.00
611,0.00
612,11955517.61
613,0.00
614,0.00
615,0.00
616,3090731.11
617,0.00
618,0.00
619,0.00
620,3125282.89
621,217716414.62
622,6603555.49
623,709671.62
624,0.00
625,11694475.56
626,0.00
627,0.00
628,0.00
629,0.00
630,860592.74
631,5159080.72
632,6307190.18
633,4352093.77
634,86014092.21
635,0.00
636,0.00
637,0.00
638,0.00
639,47654586.72
640,0.00
641,0.00
642,0.00
643,0.00
644,9751152.34
645,0.00
646,523160.21
647,2255903.16
648,0.00
649,0.00
650,60439092.99
651,0.00
652,0.00
653,0.00
654,0.00
655,0.00
656,0.00
657,0.00
658,0.00
659,0.00
660,0.00
661,0.00
662,0.00
663,0.00
664,0.00
665,0.00
666,0.00
667,0.00
668,0.00
669,0.00
670,0.00
671,803728.41
672,0.00
673,0.00
674,0.00
675,0.00
676,0.00
677,0.00
678,866710.50
679,0.00
680,0.00
681,0.00
682,0.00
683,0.00
684,3498562.51
685,10702720.69
686,0.00
687,0.00
688,0.00
689,0.00
690,2266963.56
691,1238487.20
692,0.00
693,8158813.78
694,51335913.09
695,12321256.71
696,41203342.76
697,0.00
698,0.00
699,0.00
700,0.00
701,2965297.81
702,0.00
703,0.00
704,2178958.75
705,0.00
706,0.00
707,0.00
708,0.00
709,0.00
710,0.00
711,0.00
712,16179016.60
713,20588795.02
714,0.00
715,9158925.75
716,0.00
717,0.00
718,9219452.02
719,0.00
720,27397091.74
721,0.00
722,3500444.32
723,0.00
724,0.00
725,6770162.20
726,725146.83
727,2560506.75
728,0.00
729,1565718.55
730,0.00
731,1366608.82
732,0.00
733,11861654.51
734,0.00
735,0.00
736,0.00
737,8552657.58
738,0.00
739,0.00
740,0.00
741,0.00
742,0.00
743,0.00
744,0.00
745,0.00
746,0.00
747,0.00
748,6470272.84
749,0.00
750,28004632.43
751,0.00
752,0.00
753,1329554.97
754,1871213.46
755,43236033.08
756,10222142.94
757,42458720.86
758,0.00
759,0.00
760,0.00
761,18987191.93
762,0.00
763,0.00
764,1203297.75
765,0.00
766,0.00
767,0.00
768,0.00
769,0.00
770,0.00
771,0.00
772,10802682.83
773,0.00
774,3007202.64
775,879078.91
776,4390828.45
777,0.00
778,0.00
779,17270561.74
780,0.00
781,0.00
782,0.00
783,0.00
784,0.00
785,0.00
786,0.00
787,0.00
788,6290773.48
789,0.00
790,0.00
791,0.00
792,0.00
793,6796615.77
794,0.00
795,0.00
796,19320925.43
797,0.00
798,0.00
799,8399981.97
800,0.00
801,0.00
802,6053426.31
803,0.00
804,0.00
805,0.00
806,0.00
807,1455899.56
808,4553146.05
809,17824862.99
810,1462156.44
811,2543570.34
812,0.00
813,0.00
814,0.00
815,0.00
816,7488303.90
817,6897112.98
818,5928275.17
819,0.00
820,0.00
821,0.00
822,0.00
823,1071053.55
824,9800864.02
825,2247667.84
826,7042679.83
827,10366333.50
828,0.00
829,586912.04
830,0.00
831,0.00
832,11004447.94
833,0.00
834,684213.64
835,24774017.66
836,0.00
837,0.00
838,0.00
839,59875546.85
840,0.00
841,0.00
842,61464684.64
843,0.00
844,873095.04
845,0.00
846,0.00
847,2501321.89
848,0.00
849,0.00
850,0.00
851,0.00
852,28679553.33
853,3367920.16
854,0.00
855,0.00
856,338133804.46
857,5776352.36
858,0.00
859,31935239.61
860,5233602.72
861,19062252.65
862,2992535.22
863,0.00
864,0.00
865,0.00
866,699785.53
867,0.00
868,0.00
869,0.00
870,0.00
871,7390035.13
872,71702863.97
873,0.00
874,4943485.24
875,0.00
876,0.00
877,0.00
878,6526758.01
879,0.00
880,0.00
881,0.00
882,4209636.11
883,0.00
884,0.00
885,1455105.67
886,20026822.83
887,5837335.36
888,9066434.59
889,0.00
890,0.00
891,0.00
892,0.00
893,0.00
894,13109349.37
895,0.00
896,6782372.68
897,1579617.77
898,3264697.45
899,0.00
900,0.00
901,3273797.05
902,0.00
903,0.00
904,3094491.37
905,1068861.47
906,0.00
907,0.00
908,0.00
909,0.00
910,0.00
911,0.00
912,4457638.80
913,21762032.47
914,0.00
915,10910613.46
916,0.00
917,0.00
918,0.00
919,0.00
920,0.00
921,0.00
922,0.00
923,0.00
924,0.00
925,0.00
926,13876715.53
927,0.00
928,0.00
929,0.00
930,0.00
931,2272969.13
932,0.00
933,1733409.03
934,0.00
935,5900952.79
936,0.00
937,2846543.22
938,0.00
939,2499951.91
940,3297333.54
941,0.00
942,0.00
943,0.00
944,6706249.16
945,3685497.72
946,0.00
947,7900580.14
948,50837863.24
949,0.00
950,0.00
951,29483133.99
952,0.00
953,0.00
954,0.00
955,0.00
956,0.00
957,0.00
958,3785655.91
959,0.00
960,0.00
961,85643949.37
962,0.00
963,0.00
964,0.00
965,0.00
966,0.00
967,0.00
968,1398730.25
969,0.00
970,5797159.36
971,0.00
972,0.00
973,0.00
974,0.00
975,0.00
976,4259000.36
977,0.00
978,0.00
979,0.00
980,0.00
981,3817664.37
982,0.00
983,0.00
984,0.00
985,0.00
986,13019500.13
987,0.00
988,14875105.76
989,0.00
990,0.00
991,0.00
992,14039709.04
993,65565393.72
994,0.00
995,30742979.90
996,0.00
997,3941563.29
998,0.00
999,203709.06
1000,0.00
1001,481758.27
1002,0.00
1003,0.00
1004,0.00
1005,5984707.36
1006,2721230.39
1007,0.00
1008,2318776.30
1009,0.00
1010,84123084.55
1011,0.00
1012,645998.04
1013,0.00
1014,2658312.70
1015,5139958.45
1016,0.00
1017,1747869.48
1018,518442360.39
1019,0.00
1020,0.00
1021,0.00
1022,0.00
1023,0.00
1024,2398336.82
1025,0.00
1026,140762.00
1027,0.00
1028,0.00
1029,2668277.21
1030,9111222.83
1031,21398552.44
1032,21414139.80
1033,0.00
1034,0.00
1035,671602.57
1036,4146638.09
1037,0.00
1038,0.00
1039,0.00
1040,0.00
1041,7303175.69
1042,0.00
1043,0.00
1044,0.00
1045,0.00
1046,0.00
1047,0.00
1048,0.00
1049,3214404.91
1050,1665314.82
1051,10607389.31
1052,0.00
1053,0.00
1054,0.00
1055,12591350.92
1056,3762379.02
1057,11481602.72
1058,1215886.56
1059,9910506.43
1060,0.00
1061,0.00
1062,0.00
1063,0.00
1064,0.00
1065,13909376.81
1066,0.00
1067,2067169.74
1068,0.00
1069,3905966.77
1070,0.00
1071,0.00
1072,0.00
1073,0.00
1074,52449330.12
1075,4811467.29
1076,0.00
1077,11126499.39
1078,0.00
1079,0.00
1080,0.00
1081,0.00
1082,0.00
1083,0.00
1084,0.00
1085,0.00
1086,0.00
1087,5745274.53
1088,0.00
1089,0.00
1090,0.00
1091,0.00
1092,0.00
1093,0.00
1094,0.00
1095,0.00
1096,0.00
1097,2932023.02
1098,0.00
1099,0.00
1100,84027013.20
1101,2001547.30
1102,7275418.83
1103,0.00
1104,19609989.14
1105,0.00
1106,0.00
1107,0.00
1108,2171325.00
1109,2199804.28
1110,0.00
1111,14047850.71
1112,0.00
1113,0.00
1114,59899522.43
1115,0.00
1116,0.00
1117,0.00
1118,11060309.91
1119,0.00
1120,0.00
1121,0.00
1122,31882234.30
1123,5009507.90
1124,0.00
1125,0.00
1126,1023207.92
1127,0.00
1128,0.00
1129,0.00
1130,0.00
1131,0.00
1132,23272218.38
1133,0.00
1134,0.00
1135,0.00
1136,2247139.20
1137,0.00
1138,933911.26
1139,0.00
1140,6586956.75
1141,0.00
1142,0.00
1143,1141778.23
1144,8462558.09
1145,26483524.97
1146,2157302.71
1147,999589.59
1148,10337634.90
1149,0.00
1150,0.00
1151,2255882.94
1152,0.00
1153,0.00
1154,12747440.54
1155,2896058.15
1156,0.00
1157,5932006.08
1158,70761006.81
1159,18180944.93
1160,35190526.26
1161,3633884.16
1162,15846406.98
1163,0.00
1164,17283022.82
1165,0.00
1166,0.00
1167,0.00
1168,0.00
1169,0.00
1170,0.00
1171,0.00
1172,351511711.52
1173,5640064.32
1174,0.00
1175,0.00
1176,0.00
1177,0.00
1178,65789864.61
1179,0.00
1180,0.00
1181,3555130.06
1182,1371538.05
1183,5234117.35
1184,0.00
1185,0.00
1186,514988.28
1187,8437279.40
1188,6099658.50
1189,0.00
1190,0.00
1191,0.00
1192,3287929.85
1193,0.00
1194,0.00
1195,49139757.62
1196,0.00
1197,0.00
1198,0.00
1199,20738886.52
1200,76767625.74
1201,1216437.65
1202,0.00
1203,0.00
1204,169324.78
1205,578633.69
1206,0.00
1207,2315963.26
1208,0.00
1209,3909529.56
1210,0.00
1211,0.00
1212,0.00
1213,2167021.16
1214,0.00
1215,4284651.28
1216,13402558.97
1217,25053472.88
1218,0.00
1219,0.00
1220,0.00
1221,6675464.56
1222,154969924.08
1223,15259216.20
1224,2856556.21
1225,0.00
1226,230749.48
1227,0.00
1228,16298556.54
1229,0.00
1230,0.00
1231,0.00
1232,0.00
1233,0.00
1234,3994288.63
1235,7264444.39
1236,0.00
1237,0.00
1238,0.00
1239,0.00
1240,0.00
1241,1929903.91
1242,628102.63
1243,0.00
1244,27324024.51
1245,0.00
1246,0.00
1247,21648321.05
1248,1460690.05
1249,0.00
1250,2497249.13
1251,2884688.40
1252,5984406.27
1253,11817463.73
1254,0.00
1255,0.00
1256,937029.58
1257,0.00
1258,2904196.67
1259,0.00
1260,0.00
1261,0.00
1262,0.00
1263,6578024.00
1264,0.00
1265,0.00
1266,0.00
1267,1197171.43
1268,0.00
1269,0.00
1270,0.00
1271,4213529.64
1272,0.00
1273,35956905.13
1274,6658858.32
1275,0.00
1276,0.00
1277,0.00
1278,0.00
1279,122740432.73
1280,0.00
1281,372352.55
1282,38705508.48
1283,3413082.47
1284,0.00
1285,1097694.74
1286,0.00
1287,1387600.35
1288,16802499.91
1289,0.00
1290,17318452.33
1291,0.00
1292,1035911.19
1293,38843306.33
1294,9645949.25
1295,0.00
1296,4208112.59
1297,0.00
1298,0.00
1299,19159042.78
1300,0.00
1301,0.00
1302,0.00
1303,0.00
1304,0.00
1305,767190.71
1306,0.00
1307,0.00
1308,0.00
1309,32729659.05
1310,0.00
1311,0.00
1312,75354074.86
1313,2014972.82
1314,870269.13
1315,0.00
1316,12889138.65
1317,0.00
1318,0.00
1319,0.00
1320,0.00
1321,6310936.31
1322,0.00
1323,0.00
1324,0.00
1325,0.00
1326,0.00
1327,0.00
1328,0.00
1329,0.00
1330,0.00
1331,10608110.45
1332,0.00
1333,2204312.30
1334,0.00
1335,15581994.02
1336,0.00
1337,0.00
1338,0.00
1339,372650.71
1340,5192072.67
1341,0.00
1342,0.00
1343,95137.13
1344,0.00
1345,10865492.14
1346,0.00
1347,7230802.79
1348,3024588.00
1349,0.00
1350,4131849.12
1351,0.00
1352,1666124.27
1353,0.00
1354,0.00
1355,0.00
1356,0.00
1357,0.00
1358,0.00
1359,0.00
1360,10782951.44
1361,0.00
1362,0.00
1363,1139445.30
1364,0.00
1365,0.00
1366,515002.82
1367,0.00
1368,0.00
1369,0.00
1370,9163943.83
1371,1566736.43
1372,0.00
1373,0.00
1374,0.00
1375,2419052.12
1376,0.00
1377,14901561.60
1378,0.00
1379,1762652.03
1380,0.00
1381,0.00
1382,0.00
1383,8212326.21
1384,1657576.46
1385,0.00
1386,0.00
1387,1199112.55
1388,6132432.83
1389,0.00
1390,0.00
1391,0.00
1392,0.00
1393,1825168.80
1394,0.00
1395,0.00
1396,0.00
1397,3524504.78
1398,603346.00
1399,0.00
1400,29324177.10
1401,0.00
1402,0.00
1403,0.00
1404,13228653.51
1405,13346711.87
1406,0.00
1407,0.00
1408,0.00
1409,0.00
1410,0.00
1411,0.00
1412,0.00
1413,0.00
1414,0.00
1415,49565689.96
1416,0.00
1417,0.00
1418,0.00
1419,0.00
1420,116808623.64
1421,26286796.77
1422,0.00
1423,881078.21
1424,0.00
1425,0.00
1426,0.00
1427,0.00
1428,7140931.30
1429,44260296.15
1430,4148105.06
1431,0.00
1432,991379.03
1433,0.00
1434,0.00
1435,36366639.91
1436,0.00
1437,3858433.34
1438,17572514.15
1439,0.00
1440,0.00
1441,0.00
1442,0.00
1443,0.00
1444,1901497.04
1445,0.00
1446,1395120.49
1447,0.00
1448,0.00
1449,10709008.53
1450,0.00
1451,51573198.50
1452,2477216.37
1453,0.00
1454,0.00
1455,0.00
1456,0.00
1457,6789225.48
1458,7477310.22
1459,4022393.77
1460,3997298.87
1461,0.00
1462,0.00
1463,0.00
1464,74090974.04
1465,1364196.99
1466,5753528.57
1467,0.00
1468,14023384.94
1469,0.00
1470,0.00
1471,0.00
1472,0.00
1473,0.00
1474,9403982.41
1475,0.00
1476,0.00
1477,17129297.97
1478,0.00
1479,19280892.04
1480,0.00
1481,0.00
1482,3052898.14
1483,0.00
1484,0.00
1485,0.00
1486,914997.65
1487,18401925.80
1488,0.00
1489,0.00
1490,0.00
1491,0.00
1492,0.00
1493,0.00
1494,0.00
1495,0.00
1496,0.00
1497,0.00
1498,0.00
1499,0.00
1500,0.00
1501,0.00
1502,6455471.11
1503,15501443.67
1504,0.00
1505,0.00
1506,0.00
1507,0.00
1508,1966689.35
1509,0.00
1510,0.00
1511,0.00
1512,0.00
1513,0.00
1514,2450952.14
1515,59975426.28
1516,0.00
1517,0.00
1518,0.00
1519,3615852.38
1520,0.00
1521,0.00
1522,2483331.17
1523,0.00
1524,0.00
1525,0.00
1526,0.00
1527,37670905.44
1528,9529836.77
1529,0.00
1530,4439783.98
1531,0.00
1532,0.00
1533,0.00
1534,0.00
1535,0.00
1536,0.00
1537,0.00
1538,0.00
1539,757415.75
1540,0.00
1541,0.00
1542,748533.17
1543,0.00
1544,0.00
1545,0.00
1546,13477714.48
1547,0.00
1548,537867.53
1549,0.00
1550,906236.46
1551,53572933.49
1552,0.00
1553,314459999.35
1554,309688.74
1555,2702014.35
1556,0.00
1557,2522420.32
1558,56335968.76
1559,6624694.65
1560,5631573.76
1561,50306930.23
1562,0.00
1563,0.00
1564,0.00
1565,27180538.67
1566,0.00
1567,2613834.96
1568,926655.83
1569,0.00
1570,0.00
1571,5073812.95
1572,41874683.78
1573,0.00
1574,10005129.80
1575,475433.37
1576,1486496.15
1577,0.00
1578,0.00
1579,2738015.85
1580,8694428.78
1581,0.00
1582,0.00
1583,0.00
1584,26404613.00
1585,0.00
1586,0.00
1587,7177743.98
1588,10400658.30
1589,6347627.82
1590,5986784.54
1591,0.00
1592,0.00
1593,0.00
1594,0.00
1595,6970910.58
1596,0.00
1597,0.00
1598,29875076.29
1599,0.00
1600,1810953.57
1601,0.00
1602,0.00
1603,28979160.42
1604,0.00
1605,0.00
1606,4269392.98
1607,0.00
1608,0.00
1609,0.00
1610,0.00
1611,0.00
1612,0.00
1613,11631303.11
1614,389281.02
1615,0.00
1616,0.00
1617,0.00
1618,11907968.60
1619,0.00
1620,1278944.04
1621,0.00
1622,0.00
1623,0.00
1624,0.00
1625,6725860.12
1626,16127448.51
1627,3282651.23
1628,0.00
1629,30895551.79
1630,0.00
1631,0.00
1632,1986664.89
1633,0.00
1634,3025430.48
1635,0.00
1636,0.00
1637,0.00
1638,0.00
1639,2792759.46
1640,0.00
1641,0.00
1642,0.00
1643,0.00
1644,16011493.17
1645,0.00
1646,0.00
1647,9626487.57
1648,21659537.79
1649,0.00
1650,2117833.65
1651,0.00
1652,57677217.58
1653,0.00
1654,0.00
1655,0.00
1656,0.00
1657,0.00
1658,0.00
1659,0.00
1660,0.00
1661,0.00
1662,0.00
1663,0.00
1664,3655430.01
1665,11541738.20
1666,0.00
1667,0.00
1668,0.00
1669,0.00
1670,0.00
1671,0.00
1672,0.00
1673,0.00
1674,8008866.07
1675,0.00
1676,0.00
1677,21227769.64
1678,858817.32
1679,1691765.53
1680,21371373.48
1681,0.00
1682,0.00
1683,0.00
1684,0.00
1685,13074363.21
1686,10262698.85
1687,0.00
1688,14328214.73
1689,0.00
1690,0.00
1691,0.00
1692,6919165.51
1693,0.00
1694,0.00
1695,0.00
1696,2862913.48
1697,0.00
1698,0.00
1699,0.00
1700,0.00
1701,0.00
1702,0.00
1703,1317262.37
1704,72840966.12
1705,0.00
1706,0.00
1707,0.00
1708,0.00
1709,0.00
1710,0.00
1711,0.00
1712,8082332.30
1713,0.00
1714,0.00
1715,0.00
1716,527530.30
1717,2234949.74
1718,66016515.27
1719,0.00
1720,6832598.71
1721,0.00
1722,2423550.07
1723,3860528.79
1724,0.00
1725,7370932.12
1726,0.00
1727,0.00
1728,0.00
1729,0.00
1730,0.00
1731,0.00
1732,3121605.07
1733,0.00
1734,0.00
1735,0.00
1736,1358459.13
1737,0.00
1738,0.00
1739,14390791.38
1740,5753696.06
1741,0.00
1742,0.00
1743,954290.45
1744,0.00
1745,0.00
1746,0.00
1747,51742099.41
1748,0.00
1749,0.00
1750,0.00
1751,0.00
1752,0.00
1753,29185224.33
1754,0.00
1755,0.00
1756,0.00
1757,0.00
1758,1478904.80
1759,0.00
1760,0.00
1761,0.00
1762,0.00
1763,0.00
1764,0.00
1765,0.00
1766,15017063.27
1767,19899874.11
1768,0.00
1769,0.00
1770,19010260.77
1771,0.00
1772,1007109.00
1773,62877126.21
1774,0.00
1775,0.00
1776,0.00
1777,0.00
1778,23124369.42
1779,2141284.38
1780,7446883.22
1781,0.00
1782,0.00
1783,28615214.69
1784,0.00
1785,0.00
1786,0.00
1787,8904637.01
1788,0.00
1789,0.00
1790,0.00
1791,4824960.40
1792,0.00
1793,0.00
1794,6200542.92
1795,301843642.02
1796,0.00
1797,5807067.81
1798,0.00
1799,11894121.51
1800,2319852.16
1801,0.00
1802,4717092.40
1803,0.00
1804,71578853.70
1805,0.00
1806,0.00
1807,0.00
1808,0.00
1809,0.00
1810,110664174.19
1811,0.00
1812,0.00
1813,0.00
1814,4350025.73
1815,7036086.01
1816,1041895.46
1817,0.00
1818,527185.54
1819,33809138.82
1820,0.00
1821,0.00
1822,825852.98
1823,6289850.92
1824,0.00
1825,0.00
1826,0.00
1827,0.00
1828,0.00
1829,0.00
1830,14583847.34
1831,0.00
1832,0.00
1833,5064355.41
1834,0.00
1835,197674.05
1836,0.00
1837,0.00
1838,0.00
1839,39684825.68
1840,0.00
1841,0.00
1842,0.00
1843,0.00
1844,0.00
1845,7599202.80
1846,0.00
1847,0.00
1848,7556442.78
1849,0.00
1850,14932974.64
1851,0.00
1852,10624117.27
1853,304742.38
1854,0.00
1855,0.00
1856,0.00
1857,0.00
1858,628299.26
1859,0.00
1860,4848736.38
1861,0.00
1862,0.00
1863,7898739.21
1864,0.00
1865,0.00
1866,2336373.35
1867,0.00
1868,0.00
1869,3361731.80
1870,21915327.08
1871,0.00
1872,0.00
1873,0.00
1874,0.00
1875,0.00
1876,49141569.29
1877,2500889.19
1878,0.00
1879,0.00
1880,0.00
1881,13153566.24
1882,10970786.40
1883,0.00
1884,0.00
1885,0.00
1886,0.00
1887,0.00
1888,0.00
1889,0.00
1890,0.00
1891,0.00
1892,0.00
1893,3355541.95
1894,0.00
1895,16505984.74
1896,16902262.91
1897,10399295.27
1898,2904335.80
1899,0.00
1900,17853814.49
1901,0.00
1902,0.00
1903,0.00
1904,2031461.91
1905,0.00
1906,0.00
1907,0.00
1908,0.00
1909,19108140.13
1910,0.00
1911,0.00
1912,0.00
1913,46540732.06
1914,0.00
1915,0.00
1916,0.00
1917,0.00
1918,0.00
1919,0.00
1920,0.00
1921,0.00
1922,16607643.53
1923,0.00
1924,2629824.86
1925,0.00
1926,3716321.45
1927,0.00
1928,30869256.02
1929,0.00
1930,172280.82
1931,0.00
1932,0.00
1933,0.00
1934,0.00
1935,2378334.28
1936,0.00
1937,0.00
1938,0.00
1939,0.00
1940,0.00
1941,0.00
1942,4120187.59
1943,0.00
1944,0.00
1945,0.00
1946,7354055.44
1947,0.00
1948,0.00
1949,1437620.12
1950,0.00
1951,0.00
1952,0.00
1953,0.00
1954,0.00
1955,0.00
1956,0.00
1957,2506469.99
1958,0.00
1959,908193.85
1960,0.00
1961,0.00
1962,0.00
1963,1739506.50
1964,0.00
1965,0.00
1966,0.00
1967,1884073.64
1968,0.00
1969,0.00
1970,0.00
1971,0.00
1972,0.00
1973,0.00
1974,0.00
1975,842061.63
1976,0.00
1977,0.00
1978,0.00
1979,0.00
1980,0.00
1981,0.00
1982,0.00
1983,0.00
1984,1523670.65
1985,0.00
1986,49307129.26
1987,0.00
1988,0.00
1989,791164.59
1990,12189011.24
1991,0.00
1992,50750701.70
1993,0.00
1994,43733171.29
1995,6733628.59
1996,0.00
1997,3253925.55
1998,4548282.07
1999,0.00
2000,5030742.39
2001,3852782.61
2002,0.00
2003,2621214.55
2004,663206.88
2005,7347027.47
2006,0.00
2007,0.00
2008,0.00
2009,0.00
2010,0.00
2011,0.00
2012,7459578.59
2013,0.00
2014,34211867.92
2015,3573884.12
2016,0.00
2017,11285381.25
2018,26953948.77
2019,6640135.06
2020,0.00
2021,0.00
2022,0.00
2023,111909036.74
2024,0.00
2025,0.00
2026,0.00
2027,0.00
2028,0.00
2029,0.00
2030,2074102.68
2031,0.00
2032,0.00
2033,1371018.97
2034,0.00
2035,0.00
2036,5356202.46
2037,818268.05
2038,195928789.90
2039,0.00
2040,6267364.83
2041,0.00
2042,0.00
2043,0.00
2044,0.00
2045,8607371.45
2046,0.00
2047,1947235.50
2048,0.00
2049,7649086.85
2050,0.00
2051,5004500.06
2052,0.00
2053,0.00
2054,0.00
2055,0.00
2056,2614071.08
2057,0.00
2058,26031103.71
2059,0.00
2060,11450288.64
2061,6977275.72
2062,0.00
2063,0.00
2064,0.00
2065,4063507.23
2066,0.00
2067,0.00
2068,0.00
2069,4990612.06
2070,0.00
2071,0.00
2072,0.00
2073,0.00
2074,174909.18
2075,0.00
2076,0.00
2077,0.00
2078,579531.93
2079,2026437.51
2080,4005248.45
2081,0.00
2082,10726961.67
2083,0.00
2084,0.00
2085,0.00
2086,0.00
2087,0.00
2088,0.00
2089,0.00
2090,4106444.97
2091,0.00
2092,0.00
2093,5460872.86
2094,9657138.82
2095,2552411.01
2096,681132.53
2097,0.00
2098,12804877.62
2099,0.00
2100,0.00
2101,0.00
2102,0.00
2103,0.00
2104,6808183.97
2105,0.00
2106,0.00
2107,0.00
2108,24295318.53
2109,0.00
2110,605255.36
2111,1596297.08
2112,24341801.97
2113,0.00
2114,0.00
2115,9632575.22
2116,43451488.53
2117,11157860.14
2118,0.00
2119,5227787.77
2120,1279378.25
2121,0.00
2122,0.00
2123,0.00
2124,21300663.55
2125,0.00
2126,0.00
2127,4162698.14
2128,0.00
2129,234803.89
2130,0.00
2131,0.00
2132,0.00
2133,4939538.25
2134,0.00
2135,0.00
2136,0.00
2137,0.00
2138,0.00
2139,0.00
2140,0.00
2141,1976008.58
2142,15503941.93
2143,0.00
2144,0.00
2145,1234136.57
2146,8738278.22
2147,0.00
2148,0.00
2149,908768.82
2150,0.00
2151,0.00
2152,3581655.85
2153,0.00
2154,0.00
2155,0.00
2156,0.00
2157,0.00
2158,0.00
2159,56387659.34
2160,24306606.77
2161,2883266.72
2162,0.00
2163,0.00
2164,0.00
2165,0.00
2166,0.00
2167,0.00
2168,0.00
2169,4898490.73
2170,2371956.55
2171,0.00
2172,0.00
2173,7787588.12
2174,10817206.35
2175,0.00
2176,0.00
2177,0.00
2178,0.00
2179,0.00
2180,45934758.39
2181,0.00
2182,80998302.65
2183,2050596.22
2184,0.00
2185,2415958.67
2186,1085997.54
2187,442229.89
2188,3172647.95
2189,0.00
2190,0.00
2191,0.00
2192,19560179.43
2193,0.00
2194,0.00
2195,2204955.07
2196,0.00
2197,0.00
2198,14738380.66
2199,0.00
2200,0.00
2201,407319.08
2202,17321671.61
2203,0.00
2204,0.00
2205,0.00
2206,0.00
2207,0.00
2208,0.00
2209,3442990.41
2210,7352251.58
2211,5315124.68
2212,0.00
2213,3756340.57
2214,0.00
2215,0.00
2216,2969106.31
2217,0.00
2218,0.00
2219,0.00
2220,9500840.65
2221,30179118.13
2222,0.00
2223,0.00
2224,0.00
2225,0.00
2226,0.00
2227,0.00
2228,88470648.49
2229,0.00
2230,3445400.89
2231,7609269.32
2232,156331.18
2233,0.00
2234,0.00
2235,8833838.48
2236,2865054.16
2237,0.00
2238,478852.73
2239,0.00
2240,0.00
2241,0.00
2242,18339852.96
2243,0.00
2244,0.00
2245,0.00
2246,0.00
2247,0.00
2248,22351849.81
2249,0.00
2250,0.00
2251,1946719.45
2252,15784964.91
2253,9749062.89
2254,0.00
2255,0.00
2256,0.00
2257,0.00
2258,9186804.97
2259,0.00
2260,0.00
2261,0.00
2262,3922857.15
2263,0.00
2264,0.00
2265,0.00
2266,6673892.24
2267,7739820.05
2268,32004926.07
2269,4155772.07
2270,0.00
2271,27535865.77
2272,0.00
2273,0.00
2274,4059901.75
2275,0.00
2276,0.00
2277,0.00
2278,4073623.36
2279,6694736.44
2280,0.00
2281,7076294.20
2282,1838091.48
2283,0.00
2284,0.00
2285,0.00
2286,0.00
2287,0.00
2288,306240.74
2289,0.00
2290,6958778.12
2291,1633406.62
2292,0.00
2293,12780120.10
2294,0.00
2295,0.00
2296,0.00
2297,0.00
2298,7278726.78
2299,0.00
2300,0.00
2301,2063418.24
2302,7234491.17
2303,0.00
2304,0.00
2305,13671725.51
2306,58127888.04
2307,2749794.84
2308,0.00
2309,0.00
2310,0.00
2311,0.00
2312,0.00
2313,0.00
2314,0.00
2315,3443410.56
2316,0.00
2317,0.00
2318,0.00
2319,0.00
2320,0.00
2321,0.00
2322,0.00
2323,1618718.12
2324,0.00
2325,0.00
2326,0.00
2327,718891.39
2328,0.00
2329,5866854.91
2330,2291487.04
2331,18926688.58
2332,0.00
2333,0.00
2334,0.00
2335,4962501.77
2336,0.00
2337,0.00
2338,0.00
2339,0.00
2340,0.00
2341,15763911.94
2342,0.00
2343,0.00
2344,0.00
2345,6935428.76
2346,0.00
2347,1784101.92
2348,11669608.93
2349,0.00
2350,0.00
2351,2352854.35
2352,1330852.15
2353,340068.23
2354,0.00
2355,638430.47
2356,1404661.10
2357,0.00
2358,31568612.09
2359,0.00
2360,0.00
2361,10768517.73
2362,16579380.65
2363,0.00
2364,0.00
2365,0.00
2366,15568389.27
2367,1027621.30
2368,0.00
2369,0.00
2370,0.00
2371,9106965.44
2372,0.00
2373,0.00
2374,0.00
2375,0.00
2376,550888.73
2377,0.00
2378,0.00
2379,26897575.04
2380,0.00
2381,0.00
2382,8691071.89
2383,0.00
2384,0.00
2385,0.00
2386,179793.51
2387,0.00
2388,0.00
2389,0.00
2390,1573450.06
2391,6033347.10
2392,0.00
2393,4959167.97
2394,0.00
2395,0.00
2396,7377869.68
2397,0.00
2398,9106133.63
2399,1436781.39
2400,0.00
2401,0.00
2402,0.00
2403,0.00
2404,16645856.95
2405,1433196.75
2406,0.00
2407,0.00
2408,0.00
2409,19490785.70
2410,0.00
2411,0.00
2412,0.00
2413,13239249.87
2414,0.00
2415,6588456.29
2416,0.00
2417,16192793.30
2418,0.00
2419,0.00
2420,0.00
2421,0.00
2422,0.00
2423,0.00
2424,1036937.24
2425,23727159.69
2426,7570590.57
2427,18158009.47
2428,0.00
2429,0.00
2430,0.00
2431,0.00
2432,0.00
2433,0.00
2434,5087108.67
2435,0.00
2436,0.00
2437,32341565.39
2438,0.00
2439,0.00
2440,0.00
2441,0.00
2442,0.00
2443,0.00
2444,0.00
2445,7246585.68
2446,0.00
2447,5422076.39
2448,77751717.29
2449,0.00
2450,0.00
2451,0.00
2452,0.00
2453,3855333.58
2454,5896848.61
2455,15678447.33
2456,1601621.67
2457,0.00
2458,27597393.52
2459,273249.39
2460,0.00
2461,0.00
2462,0.00
2463,7311827.31
2464,0.00
2465,0.00
2466,4535334.94
2467,16299697.62
2468,0.00
2469,5955954.22
2470,0.00
2471,12488910.93
2472,0.00
2473,9582582.34
2474,9042597.23
2475,0.00
2476,1860024.42
2477,0.00
2478,131027.13
2479,6399474.03
2480,7591403.29
2481,56576373.21
2482,0.00
2483,0.00
2484,1910559.42
2485,3015888.42
2486,11946934.76
2487,0.00
2488,8342541.71
2489,0.00
2490,7093874.54
2491,23104676.34
2492,0.00
2493,0.00
2494,0.00
2495,6980940.76
2496,0.00
2497,0.00
2498,0.00
2499,0.00
2500,3495545.57
2501,931849.36
2502,0.00
2503,0.00
2504,0.00
2505,0.00
2506,0.00
2507,0.00
2508,0.00
2509,0.00
2510,0.00
2511,0.00
2512,30772057.25
2513,0.00
2514,0.00
2515,0.00
2516,0.00
2517,3286677.93
2518,0.00
2519,0.00
2520,0.00
2521,0.00
2522,17627894.17
2523,611804.73
2524,0.00
2525,0.00
2526,0.00
2527,0.00
2528,0.00
2529,0.00
2530,0.00
2531,14337180.30
2532,5442507.08
2533,0.00
2534,2386716.93
2535,0.00
2536,17120170.91
2537,0.00
2538,0.00
2539,771147.07
2540,0.00
2541,0.00
2542,2142869.79
2543,0.00
2544,0.00
2545,0.00
2546,10200034.70
2547,0.00
2548,0.00
2549,0.00
2550,0.00
2551,0.00
2552,0.00
2553,4303293.94
2554,3418319.55
2555,850308.25
2556,7330574.91
2557,0.00
2558,34719156.99
2559,491146.88
2560,2677730.24
2561,15105709.87
2562,0.00
2563,4616197.37
2564,0.00
2565,0.00
2566,0.00
2567,0.00
2568,3293047.96
2569,0.00
2570,0.00
2571,5567834.45
2572,0.00
2573,0.00
2574,488129.54
2575,0.00
2576,0.00
2577,0.00
2578,0.00
2579,3253620.21
2580,0.00
2581,2078395.35
2582,0.00
2583,1590849.89
2584,1788705.68
2585,0.00
2586,0.00
2587,0.00
2588,5199535.69
2589,0.00
2590,0.00
2591,0.00
2592,0.00
2593,0.00
2594,17546847.70
2595,0.00
2596,0.00
2597,0.00
2598,0.00
2599,12727636.47
2600,0.00
2601,0.00
2602,0.00
2603,0.00
2604,0.00
2605,0.00
2606,0.00
2607,1412760.09
2608,9803442.63
2609,0.00
2610,0.00
2611,8614273.34
2612,2860363.41
2613,0.00
2614,0.00
2615,0.00
2616,3914989.60
2617,0.00
2618,0.00
2619,0.00
2620,0.00
2621,0.00
2622,0.00
2623,0.00
2624,0.00
2625,920451.37
2626,15776197.65
2627,0.00
2628,0.00
2629,0.00
2630,0.00
2631,3291507.53
2632,14908667.19
2633,0.00
2634,2011505.65
2635,0.00
2636,0.00
2637,0.00
2638,5270528.38
2639,0.00
2640,0.00
2641,0.00
2642,1006913.93
2643,0.00
2644,0.00
2645,0.00
2646,0.00
2647,3250033.84
2648,18032403.08
2649,8540784.51
2650,552041.81
2651,1919992.98
2652,0.00
2653,0.00
2654,0.00
2655,0.00
2656,0.00
2657,25432098.91
2658,0.00
2659,0.00
2660,55314545.79
2661,0.00
2662,0.00
2663,568349.36
2664,0.00
2665,926378.19
2666,0.00
2667,9651370.45
2668,6263295.07
2669,28008357.12
2670,0.00
2671,0.00
2672,0.00
2673,0.00
2674,0.00
2675,30110573.01
2676,3956851.76
2677,3484330.71
2678,0.00
2679,0.00
2680,2383649.52
2681,40399862.77
2682,0.00
2683,0.00
2684,0.00
2685,0.00
2686,32312008.61
2687,0.00
2688,6250024.66
2689,0.00
2690,7547735.29
2691,0.00
2692,4086791.20
2693,0.00
2694,0.00
2695,554217.60
2696,10330181.70
2697,0.00
2698,0.00
2699,907127.79
2700,0.00
2701,0.00
2702,1572228.51
2703,0.00
2704,266770.55
2705,0.00
2706,0.00
2707,0.00
2708,0.00
2709,0.00
2710,0.00
2711,368815244.19
2712,2598596.29
2713,0.00
2714,1483849.53
2715,0.00
2716,14703842.29
2717,0.00
2718,0.00
2719,0.00
2720,5317414.88
2721,4199298.12
2722,0.00
2723,0.00
2724,0.00
2725,0.00
2726,0.00
2727,0.00
2728,6492082.71
2729,4079925.26
2730,8696670.03
2731,1848230.68
2732,34795593.57
2733,0.00
2734,0.00
2735,2020020.25
2736,17404668.01
2737,1029886.30
2738,0.00
2739,0.00
2740,0.00
2741,0.00
2742,5171990.31
2743,418428.48
2744,5911620.56
2745,631020.80
2746,17623776.03
2747,0.00
2748,1676239.12
2749,0.00
2750,25878092.65
2751,0.00
2752,0.00
2753,0.00
2754,0.00
2755,0.00
2756,6310725.09
2757,2870756.26
2758,0.00
2759,0.00
2760,0.00
2761,19517221.81
2762,0.00
2763,12508648.55
2764,0.00
2765,0.00
2766,0.00
2767,20545093.08
2768,0.00
2769,0.00
2770,29804525.98
2771,0.00
2772,0.00
2773,2498004.72
2774,0.00
2775,0.00
2776,14719206.22
2777,0.00
2778,1685289.32
2779,0.00
2780,478744.68
2781,0.00
2782,0.00
2783,21563679.52
2784,0.00
2785,3208398.76
2786,8353323.19
2787,40668742.79
2788,0.00
2789,2338298.94
2790,0.00
2791,19544548.45
2792,0.00
2793,0.00
2794,14976025.56
2795,0.00
2796,0.00
2797,0.00
2798,0.00
2799,12295743.82
2800,0.00
2801,5687869.68
2802,0.00
2803,2534763.03
2804,0.00
2805,0.00
2806,0.00
2807,0.00
2808,0.00
2809,0.00
2810,8399191.42
2811,2507930.66
2812,0.00
2813,0.00
2814,0.00
2815,1300859.81
2816,0.00
2817,4839775.11
2818,0.00
2819,0.00
2820,2851628.32
2821,0.00
2822,16453452.87
2823,0.00
2824,0.00
2825,0.00
2826,3669217.36
2827,0.00
2828,0.00
2829,0.00
2830,0.00
2831,0.00
2832,0.00
2833,2026496.88
2834,0.00
2835,0.00
2836,0.00
2837,2786010.19
2838,0.00
2839,0.00
2840,0.00
2841,5271924.68
2842,855201.95
2843,0.00
2844,0.00
2845,261601.51
2846,0.00
2847,3768247.47
2848,11029838.75
2849,2429970.42
2850,617020.72
2851,25254164.35
2852,11553289.07
2853,7112811.03
2854,0.00
2855,0.00
2856,448940.32
2857,575107.52
2858,0.00
2859,0.00
2860,3932668.36
2861,0.00
2862,0.00
2863,0.00
2864,5539392.50
2865,3360963.54
2866,0.00
2867,16260584.51
2868,0.00
2869,0.00
2870,0.00
2871,0.00
2872,0.00
2873,6936809.69
2874,0.00
2875,655245.15
2876,0.00
2877,0.00
2878,0.00
2879,2544590.34
2880,0.00
2881,32518867.39
2882,54535683.09
2883,446337.79
2884,4771828.15
2885,0.00
2886,0.00
2887,0.00
2888,0.00
2889,0.00
2890,2248723.97
2891,0.00
2892,1229848.20
2893,0.00
2894,0.00
2895,4307562.67
2896,0.00
2897,0.00
2898,0.00
2899,0.00
2900,0.00
2901,0.00
2902,0.00
2903,22646001.42
2904,0.00
2905,877694.74
2906,278852.44
2907,200222.99
2908,0.00
2909,10936611.36
2910,0.00
2911,0.00
2912,0.00
2913,0.00
2914,0.00
2915,0.00
2916,0.00
2917,0.00
2918,0.00
2919,0.00
2920,0.00
2921,0.00
2922,6874585.36
2923,0.00
2924,0.00
2925,0.00
2926,750181.69
2927,2013032.85
2928,8120157.53
2929,0.00
2930,2752960.83
2931,0.00
2932,342738.95
2933,7526781.01
2934,0.00
2935,11604892.50
2936,4683407.08
2937,0.00
2938,0.00
2939,0.00
2940,0.00
2941,0.00
2942,5908307.55
2943,0.00
2944,0.00
2945,0.00
2946,0.00
2947,4365418.96
2948,0.00
2949,11789329.78
2950,1737949.72
2951,0.00
2952,0.00
2953,0.00
2954,5963048.81
2955,0.00
2956,0.00
2957,0.00
2958,1831072.70
2959,0.00
2960,1776087.57
2961,0.00
2962,75728023.54
2963,0.00
2964,6901210.54
2965,1334542.12
2966,0.00
2967,8205881.08
2968,0.00
2969,1464522.18
2970,11553856.45
2971,0.00
2972,0.00
2973,195399183.84
2974,5435650.90
2975,35169236.93
2976,0.00
2977,0.00
2978,0.00
2979,0.00
2980,0.00
2981,0.00
2982,7825234.95
2983,0.00
2984,509578.97
2985,4212584.93
2986,5679738.62
2987,0.00
2988,0.00
2989,2072266.59
2990,0.00
2991,3017445.55
2992,124230927.47
2993,15604447.76
2994,0.00
2995,0.00
2996,0.00
2997,0.00
2998,0.00
2999,0.00
3000,1892852.11
3001,0.00
3002,2457157.29
3003,0.00
3004,17055171.48
3005,0.00
3006,522944.86
3007,0.00
3008,4329609.54
3009,0.00
3010,8558940.71
3011,4791963.64
3012,0.00
3013,0.00
3014,0.00
3015,0.00
3016,13980943.65
3017,0.00
3018,0.00
3019,0.00
3020,101951637.70
3021,0.00
3022,4510839.24
3023,1211203.34
3024,0.00
3025,0.00
3026,0.00
3027,0.00
3028,0.00
3029,0.00
3030,22376305.48
3031,5248949.54
3032,0.00
3033,0.00
3034,0.00
3035,0.00
3036,0.00
3037,0.00
3038,5123200.55
3039,0.00
3040,0.00
3041,0.00
3042,49611684.68
3043,15228670.29
3044,0.00
3045,9295819.90
3046,0.00
3047,4563199.66
3048,842659.58
3049,0.00
3050,1757846.97
3051,0.00
3052,0.00
3053,0.00
3054,21759186.44
3055,0.00
3056,0.00
3057,0.00
3058,0.00
3059,1594302.10
3060,1293642.35
3061,3921399.02
3062,3947714.88
3063,0.00
3064,58432307.09
3065,0.00
3066,835850.21
3067,0.00
3068,0.00
3069,0.00
3070,0.00
3071,0.00
3072,5362968.12
3073,0.00
3074,71222772.56
3075,5588366.37
3076,7688898.98
3077,0.00
3078,2936238.75
3079,0.00
3080,4610536.52
3081,0.00
3082,0.00
3083,7642963.47
3084,0.00
3085,0.00
3086,5482593.17
3087,0.00
3088,94559265.02
3089,0.00
3090,1110356.19
3091,0.00
3092,0.00
3093,0.00
3094,0.00
3095,0.00
3096,154029521.18
3097,0.00
3098,0.00
3099,0.00
3100,0.00
3101,0.00
3102,2165775.48
3103,0.00
3104,13636294.05
3105,0.00
3106,5486315.73
3107,0.00
3108,0.00
3109,0.00
3110,0.00
3111,0.00
3112,8522009.55
3113,0.00
3114,0.00
3115,0.00
3116,14199792.14
3117,0.00
3118,0.00
3119,0.00
3120,0.00
3121,0.00
3122,0.00
3123,0.00
3124,32793283.33
3125,3094755.56
3126,13807335.48
3127,0.00
3128,0.00
3129,0.00
3130,0.00
3131,5617234.10
3132,0.00
3133,0.00
3134,924415.58
3135,2877406.12
3136,0.00
3137,2107817.92
3138,0.00
3139,9848210.25
3140,0.00
3141,4018839.23
3142,0.00
3143,0.00
3144,0.00
3145,0.00
3146,0.00
3147,9833091.14
3148,130507.67
3149,0.00
3150,111340385.03
3151,0.00
3152,6955562.37
3153,2965274.87
3154,0.00
3155,3050582.35
3156,0.00
3157,36701633.45
3158,0.00
3159,0.00
3160,0.00
3161,0.00
3162,1562579.40
3163,0.00
3164,0.00
3165,2908669.31
3166,1677409.91
3167,1043661.24
3168,0.00
3169,0.00
3170,658361.54
3171,0.00
3172,47965380.30
3173,0.00
3174,0.00
3175,10100642.77
3176,0.00
3177,0.00
3178,956819.02
3179,0.00
3180,0.00
3181,12705181.65
3182,13109251.03
3183,1620515.07
3184,519882.11
3185,0.00
3186,41708261.49
3187,8557615.35
3188,0.00
3189,0.00
3190,817304.43
3191,0.00
3192,10633786.73
3193,0.00
3194,0.00
3195,0.00
3196,2199628.91
3197,0.00
3198,26439236.88
3199,0.00
3200,0.00
3201,0.00
3202,6083324.59
3203,0.00
3204,0.00
3205,0.00
3206,38924098.10
3207,0.00
3208,0.00
3209,0.00
3210,0.00
3211,0.00
3212,0.00
3213,0.00
3214,0.00
3215,0.00
3216,1783384.82
3217,6605281.31
3218,3777515.93
3219,1215552.98
3220,3490776.04
3221,3874264.21
3222,0.00
3223,9787073.40
3224,0.00
3225,8142442.66
3226,2152643.01
3227,1104492.06
3228,1525806.15
3229,5670683.55
3230,0.00
3231,0.00
3232,1049552.71
3233,0.00
3234,0.00
3235,0.00
3236,0.00
3237,41904287.70
3238,0.00
3239,0.00
3240,6083370.91
3241,0.00
3242,0.00
3243,8255026.36
3244,0.00
3245,0.00
3246,0.00
3247,0.00
3248,0.00
3249,0.00
3250,5050411.00
3251,0.00
3252,0.00
3253,760197.19
3254,0.00
3255,23316623.01
3256,16051118.05
3257,0.00
3258,10392798.17
3259,0.00
3260,0.00
3261,0.00
3262,18624488.50
3263,0.00
3264,0.00
3265,0.00
3266,0.00
3267,0.00
3268,0.00
3269,5869240.15
3270,0.00
3271,5718460.31
3272,4151761.00
3273,1186476.60
3274,0.00
3275,0.00
3276,1463094.93
3277,0.00
3278,3692029.39
3279,0.00
3280,3045852.65
3281,0.00
3282,0.00
3283,0.00
3284,4499756.61
3285,0.00
3286,0.00
3287,0.00
3288,6140899.65
3289,0.00
3290,11145564.02
3291,0.00
3292,0.00
3293,0.00
3294,0.00
3295,0.00
3296,10764313.60
3297,0.00
3298,0.00
3299,0.00
3300,7975266.44
3301,0.00
3302,0.00
3303,0.00
3304,0.00
3305,0.00
3306,24266829.73
3307,0.00
3308,2101255.63
3309,6469371.17
3310,0.00
3311,21276998.02
3312,0.00
3313,13327031.78
3314,0.00
3315,100622410.56
3316,0.00
3317,2173695.18
3318,0.00
3319,0.00
3320,0.00
3321,0.00
3322,0.00
3323,1333092.14
3324,26062657.44
3325,0.00
3326,2025166.19
3327,2928971.62
3328,0.00
3329,20685360.59
3330,0.00
3331,25632445.68
3332,4341217.72
3333,1692343.91
3334,16490707.90
3335,0.00
3336,21516844.80
3337,8847252.40
3338,37919364.08
3339,0.00
3340,7080334.30
3341,0.00
3342,10995809.21
3343,0.00
3344,0.00
3345,2199360.79
3346,0.00
3347,0.00
3348,0.00
3349,0.00
3350,1278180.30
3351,15684467.58
3352,0.00
3353,53860854.88
3354,0.00
3355,0.00
3356,0.00
3357,0.00
3358,0.00
3359,782264.79
3360,0.00
3361,0.00
3362,0.00
3363,0.00
3364,0.00
3365,0.00
3366,0.00
3367,0.00
3368,0.00
3369,14245895.31
3370,0.00
3371,30183584.03
3372,0.00
3373,58247802.81
3374,18159077.46
3375,0.00
3376,0.00
3377,1370765.81
3378,0.00
3379,0.00
3380,0.00
3381,1842018.28
3382,0.00
3383,0.00
3384,593493.65
3385,0.00
3386,5879077.97
3387,12143420.63
3388,0.00
3389,0.00
3390,0.00
3391,0.00
3392,3591055.66
3393,728042.56
3394,3001351.85
3395,0.00
3396,29865756.05
3397,0.00
3398,0.00
3399,1061135.35
3400,17995269.89
3401,1882192.77
3402,0.00
3403,9439580.47
3404,3402966.14
3405,0.00
3406,5999817.91
3407,0.00
3408,0.00
3409,25678459.24
3410,0.00
3411,3002668.63
3412,0.00
3413,0.00
3414,37902728.99
3415,0.00
3416,0.00
3417,0.00
3418,0.00
3419,0.00
3420,0.00
3421,0.00
3422,0.00
3423,35973077.38
3424,0.00
3425,52197075.48
3426,74907476.97
3427,17403833.00
3428,0.00
3429,3388060.97
3430,279598.18
3431,420562.94
3432,0.00
3433,2319417.00
3434,0.00
3435,0.00
3436,0.00
3437,1254871.73
3438,0.00
3439,0.00
3440,1150323.53
3441,3928109.39
3442,0.00
3443,1184627.08
3444,0.00
3445,0.00
3446,4927615.58
3447,0.00
3448,0.00
3449,0.00
3450,7662804.12
3451,4109133.42
3452,0.00
3453,0.00
3454,29742252.83
3455,0.00
3456,4266395.36
3457,0.00
3458,0.00
3459,0.00
3460,0.00
3461,14318824.51
3462,0.00
3463,0.00
3464,2679796.08
3465,5304836.23
3466,0.00
3467,0.00
3468,0.00
3469,0.00
3470,0.00
3471,0.00
3472,46229530.27
3473,7422318.61
3474,0.00
3475,0.00
3476,0.00
3477,0.00
3478,1490615.37
3479,0.00
3480,0.00
3481,4505689.23
3482,0.00
3483,6761771.04
3484,0.00
3485,0.00
3486,0.00
3487,2274919.07
3488,0.00
3489,2282756.65
3490,1546041.94
3491,2172443.74
3492,20120333.85
3493,0.00
3494,2922387.87
3495,61317631.83
3496,0.00
3497,53461993.25
3498,0.00
3499,0.00
3500,4290874.40
3501,0.00
3502,0.00
3503,0.00
3504,0.00
3505,0.00
3506,0.00
3507,0.00
3508,0.00
3509,10785918.25
3510,0.00
3511,0.00
3512,14898861.60
3513,3213782.01
3514,3045513.32
3515,0.00
3516,0.00
3517,0.00
3518,0.00
3519,2969059.51
3520,0.00
3521,3790473.69
3522,0.00
3523,4108700.16
3524,1312528.53
3525,0.00
3526,9990079.43
3527,0.00
3528,0.00
3529,0.00
3530,2611522.49
3531,0.00
3532,2643694.27
3533,2235059.46
3534,0.00
3535,21530563.49
3536,2849916.33
3537,0.00
3538,0.00
3539,0.00
3540,0.00
3541,0.00
3542,314034025.63
3543,161443.02
3544,11810623.72
3545,0.00
3546,0.00
3547,5053456.96
3548,0.00
3549,0.00
3550,0.00
3551,0.00
3552,2007062.70
3553,0.00
3554,18735212.89
3555,0.00
3556,0.00
3557,0.00
3558,0.00
3559,10236582.59
3560,4017948.19
3561,0.00
3562,1383089.25
3563,0.00
3564,5977927.44
3565,11850090.34
3566,4996829.05
3567,0.00
3568,0.00
3569,0.00
3570,5539858.30
3571,0.00
3572,781341.88
3573,0.00
3574,1406140.05
3575,0.00
3576,0.00
3577,0.00
3578,0.00
3579,11065892.72
3580,61160315.41
3581,5854493.55
3582,0.00
3583,0.00
3584,21324916.88
3585,5229270.24
3586,931022.87
3587,0.00
3588,0.00
3589,0.00
3590,10115465.53
3591,15279789.29
3592,1246794.09
3593,15081905.56
3594,5613202.48
3595,0.00
3596,0.00
3597,0.00
3598,4746557.03
3599,2814152.02
3600,0.00
3601,0.00
3602,0.00
3603,0.00
3604,0.00
3605,0.00
3606,0.00
3607,0.00
3608,2892953.80
3609,0.00
3610,18879604.69
3611,0.00
3612,0.00
3613,0.00
3614,0.00
3615,13140228.90
3616,14185407.96
3617,0.00
3618,0.00
3619,0.00
3620,0.00
3621,0.00
3622,0.00
3623,0.00
3624,0.00
3625,11082458.90
3626,0.00
3627,0.00
3628,0.00
3629,0.00
3630,0.00
3631,1975807.88
3632,36336229.80
3633,8639701.00
3634,2915214.16
3635,0.00
3636,0.00
3637,13121467.86
3638,0.00
3639,0.00
3640,0.00
3641,0.00
3642,3441785.21
3643,0.00
3644,0.00
3645,0.00
3646,10249608.76
3647,30044669.45
3648,0.00
3649,0.00
3650,0.00
3651,0.00
3652,0.00
3653,0.00
3654,1273856.95
3655,0.00
3656,0.00
3657,32051177.88
3658,0.00
3659,0.00
3660,0.00
3661,30310675.05
3662,14200049.90
3663,0.00
3664,13616775.09
3665,1164954.88
3666,0.00
3667,0.00
3668,0.00
3669,2241927.13
3670,0.00
3671,0.00
3672,20862728.20
3673,0.00
3674,0.00
3675,3773539.27
3676,0.00
3677,0.00
3678,0.00
3679,952122.49
3680,0.00
3681,0.00
3682,0.00
3683,243859.67
3684,0.00
3685,0.00
3686,505051107.08
3687,6243045.48
3688,0.00
3689,0.00
3690,0.00
3691,5787779.44
3692,0.00
3693,0.00
3694,0.00
3695,0.00
3696,0.00
3697,1583304.89
3698,0.00
3699,2140180.24
3700,0.00
3701,5627016.85
3702,6189697.77
3703,0.00
3704,1828291.08
3705,0.00
3706,0.00
3707,0.00
3708,0.00
3709,0.00
3710,0.00
3711,0.00
3712,7446412.57
3713,0.00
3714,0.00
3715,11284176.74
3716,14137278.48
3717,0.00
3718,0.00
3719,9450485.33
3720,2112443.13
3721,0.00
3722,0.00
3723,0.00
3724,0.00
3725,1208971.49
3726,0.00
3727,254007.13
3728,2310939.21
3729,0.00
3730,0.00
3731,0.00
3732,0.00
3733,0.00
3734,0.00
3735,0.00
3736,42956062.40
3737,0.00
3738,16897335.50
3739,0.00
3740,0.00
3741,0.00
3742,6262217.14
3743,0.00
3744,0.00
3745,18832589.04
3746,0.00
3747,8296869.90
3748,0.00
3749,0.00
3750,2682969.97
3751,0.00
3752,0.00
3753,0.00
3754,0.00
3755,0.00
3756,0.00
3757,3400996.44
3758,0.00
3759,4856711.17
3760,986210.35
3761,0.00
3762,0.00
3763,2146671.84
3764,16307547.55
3765,0.00
3766,4737829.82
3767,0.00
3768,0.00
3769,0.00
3770,0.00
3771,0.00
3772,5633960.02
3773,2394116.76
3774,0.00
3775,0.00
3776,3118909.10
3777,231867.20
3778,0.00
3779,3201667.77
3780,0.00
3781,0.00
3782,22745669.35
3783,0.00
3784,0.00
3785,0.00
3786,2040445.52
3787,0.00
3788,0.00
3789,11418876.94
3790,0.00
3791,0.00
3792,0.00
3793,0.00
3794,6090296.30
3795,0.00
3796,0.00
3797,31519563.08
3798,0.00
3799,0.00
3800,0.00
3801,0.00
3802,2448810.59
3803,0.00
3804,978312.65
3805,0.00
3806,0.00
3807,2020416.70
3808,1565461.27
3809,0.00
3810,0.00
3811,0.00
3812,0.00
3813,14687252.90
3814,0.00
3815,0.00
3816,0.00
3817,16019779.29
3818,0.00
3819,3834459.21
3820,0.00
3821,0.00
3822,0.00
3823,0.00
3824,0.00
3825,0.00
3826,0.00
3827,5312654.81
3828,0.00
3829,7236534.21
3830,0.00
3831,1816809.24
3832,0.00
3833,1001375.96
3834,0.00
3835,0.00
3836,8851629.91
3837,3685224.52
3838,2988341.28
3839,6337795.15
3840,36572572.94
3841,4785457.13
3842,21977149.52
3843,0.00
3844,11056852.50
3845,0.00
3846,1029525.44
3847,1428997.29
3848,0.00
3849,0.00
3850,0.00
3851,0.00
3852,0.00
3853,0.00
3854,17428142.26
3855,0.00
3856,0.00
3857,0.00
3858,8651624.51
3859,0.00
3860,3451746.60
3861,1836110.18
3862,0.00
3863,4189820.18
3864,4137586.44
3865,1825415.95
3866,3537430.23
3867,0.00
3868,0.00
3869,46467991.80
3870,0.00
3871,0.00
3872,0.00
3873,0.00
3874,0.00
3875,0.00
3876,0.00
3877,10660489.40
3878,11919148.67
3879,114079214.27
3880,0.00
3881,4482134.29
3882,0.00
3883,0.00
3884,0.00
3885,0.00
3886,1493938.05
3887,0.00
3888,2079042.05
3889,0.00
3890,0.00
3891,0.00
3892,0.00
3893,8054056.48
3894,0.00
3895,0.00
3896,6151912.42
3897,1497907.53
3898,0.00
3899,155114280.49
3900,0.00
3901,3525133.35
3902,0.00
3903,0.00
3904,0.00
3905,0.00
3906,8211783.57
3907,0.00
3908,0.00
3909,25424417.26
3910,2833774.16
3911,11035900.64
3912,0.00
3913,0.00
3914,0.00
3915,0.00
3916,0.00
3917,0.00
3918,0.00
3919,0.00
3920,16641316.03
3921,164444.91
3922,0.00
3923,0.00
3924,0.00
3925,0.00
3926,2003393.82
3927,0.00
3928,0.00
3929,0.00
3930,580432.45
3931,0.00
3932,0.00
3933,0.00
3934,19520141.62
3935,23765296.98
3936,0.00
3937,0.00
3938,31009454.82
3939,0.00
3940,2250632.16
3941,0.00
3942,3654539.75
3943,0.00
3944,0.00
3945,0.00
3946,0.00
3947,0.00
3948,0.00
3949,0.00
3950,0.00
3951,0.00
3952,1947666.56
3953,87917610.70
3954,0.00
3955,0.00
3956,9761845.96
3957,33898509.37
3958,0.00
3959,3022897.70
3960,1292146.93
3961,0.00
3962,3753995.75
3963,0.00
3964,0.00
3965,0.00
3966,0.00
3967,0.00
3968,0.00
3969,0.00
3970,2253865.70
3971,0.00
3972,1461511.39
3973,0.00
3974,0.00
3975,5542827.34
3976,0.00
3977,0.00
3978,3849498.50
3979,2429999.63
3980,1780015.13
3981,0.00
3982,7599614.37
3983,16350184.15
3984,4678855.24
3985,7180429.64
3986,0.00
3987,4859343.48
3988,0.00
3989,0.00
3990,0.00
3991,0.00
3992,0.00
3993,2244789.46
3994,0.00
3995,0.00
3996,0.00
3997,0.00
3998,0.00
3999,0.00
4000,777417.90
4001,0.00
4002,4055242.99
4003,1319410.80
4004,2745177.79
4005,0.00
4006,12177677.02
4007,0.00
4008,23320722.86
4009,0.00
4010,0.00
4011,0.00
4012,864818.50
4013,0.00
4014,2575767.33
4015,0.00
4016,99927214.32
4017,0.00
4018,0.00
4019,0.00
4020,0.00
4021,0.00
4022,4472053.98
4023,4855409.72
4024,0.00
4025,0.00
4026,0.00
4027,0.00
4028,0.00
4029,0.00
4030,0.00
4031,2040166.25
4032,1151198.80
4033,2533325.38
4034,0.00
4035,4793055.94
4036,2497894.54
4037,905640.70
4038,0.00
4039,0.00
4040,0.00
4041,3615350.18
4042,223088.80
4043,4612089.18
4044,0.00
4045,0.00
4046,4240372.31
4047,0.00
4048,326114.89
4049,0.00
4050,706994.00
4051,0.00
4052,1589442.45
4053,0.00
4054,60637989.35
4055,18074703.97
4056,19199327.80
4057,0.00
4058,0.00
4059,30233255.21
4060,15555237.60
4061,0.00
4062,0.00
4063,0.00
4064,38328.01
4065,0.00
4066,0.00
4067,0.00
4068,0.00
4069,0.00
4070,0.00
4071,0.00
4072,1861765.44
4073,0.00
4074,0.00
4075,0.00
4076,4206912.37
4077,0.00
4078,0.00
4079,4776733.18
4080,5706726.84
4081,0.00
4082,0.00
4083,0.00
4084,776995.48
4085,17980185.55
4086,0.00
4087,2387627.74
4088,0.00
4089,5085906.01
4090,0.00
4091,2868619.91
4092,18272779.72
4093,0.00
4094,0.00
4095,0.00
4096,0.00
4097,0.00
4098,0.00
4099,0.00
4100,0.00
4101,0.00
4102,47052575.12
4103,5858704.97
4104,5803243.49
4105,0.00
4106,80691866.14
4107,0.00
4108,1647603.15
4109,0.00
4110,0.00
4111,0.00
4112,0.00
4113,283198.14
4114,0.00
4115,0.00
4116,0.00
4117,0.00
4118,0.00
4119,0.00
4120,0.00
4121,0.00
4122,0.00
4123,93505058.98
4124,37870501.39
4125,0.00
4126,0.00
4127,6205029.95
4128,0.00
4129,0.00
4130,22117189.99
4131,0.00
4132,1523871.25
4133,0.00
4134,0.00
4135,895919.09
4136,0.00
4137,2898503.12
4138,2876806.11
4139,0.00
4140,4134509.12
4141,0.00
4142,0.00
4143,0.00
4144,9658567.12
4145,0.00
4146,0.00
4147,0.00
4148,0.00
4149,18441242.89
4150,0.00
4151,0.00
4152,0.00
4153,0.00
4154,0.00
4155,7301119.76
4156,0.00
4157,277145.65
4158,9937783.07
4159,0.00
4160,0.00
4161,0.00
4162,0.00
4163,0.00
4164,0.00
4165,2357947.90
4166,0.00
4167,12333350.56
4168,0.00
4169,0.00
4170,0.00
4171,0.00
4172,0.00
4173,8552439.29
4174,0.00
4175,0.00
4176,0.00
4177,23730589.96
4178,0.00
4179,857265.36
4180,610243.38
4181,0.00
4182,0.00
4183,0.00
4184,0.00
4185,2521464.85
4186,0.00
4187,335494.42
4188,0.00
4189,665681.49
4190,0.00
4191,0.00
4192,11809525.00
4193,0.00
4194,773131.20
4195,0.00
4196,0.00
4197,10733337.95
4198,0.00
4199,1248599.66
4200,0.00
4201,0.00
4202,0.00
4203,1544928.05
4204,1501303.91
4205,1583636.19
4206,0.00
4207,0.00
4208,0.00
4209,0.00
4210,0.00
4211,0.00
4212,11548983.44
4213,7081948.10
4214,7192243.10
4215,0.00
4216,0.00
4217,224567884.99
4218,0.00
4219,0.00
4220,0.00
4221,1985675.61
4222,6264423.85
4223,1081209.65
4224,77186694.61
4225,0.00
4226,5014391.36
4227,0.00
4228,0.00
4229,68836931.71
4230,101916232.22
4231,0.00
4232,2401007.03
4233,0.00
4234,4764244.92
4235,0.00
4236,17409898.67
4237,0.00
4238,4609710.65
4239,0.00
4240,0.00
4241,0.00
4242,0.00
4243,2917144.78
4244,0.00
4245,0.00
4246,12109306.98
4247,2303521.22
4248,0.00
4249,0.00
4250,0.00
4251,0.00
4252,0.00
4253,0.00
4254,23163677.18
4255,0.00
4256,0.00
4257,0.00
4258,0.00
4259,0.00
4260,0.00
4261,979771.35
4262,0.00
4263,13509427.33
4264,0.00
4265,0.00
4266,2086401.22
4267,0.00
4268,0.00
4269,0.00
4270,0.00
4271,118953274.82
4272,4661257.18
4273,1283890.26
4274,0.00
4275,32057884.16
4276,2205856.00
4277,15218535.65
4278,4802558.91
4279,0.00
4280,1412275.21
4281,0.00
4282,0.00
4283,0.00
4284,0.00
4285,0.00
4286,4191172.73
4287,0.00
4288,0.00
4289,0.00
4290,0.00
4291,3384326.47
4292,5708786.28
4293,658574.28
4294,0.00
4295,0.00
4296,0.00
4297,12990797.84
4298,591847.82
4299,0.00
4300,0.00
4301,1959035.15
4302,0.00
4303,0.00
4304,29531842.78
4305,2219827.60
4306,0.00
4307,1970312.14
4308,2972288.86
4309,0.00
4310,0.00
4311,36233168.23
4312,0.00
4313,0.00
4314,8993785.22
4315,0.00
4316,4631202.53
4317,0.00
4318,4413134.92
4319,86305857.99
4320,17735058.94
4321,0.00
4322,2149791.13
4323,0.00
4324,0.00
4325,0.00
4326,0.00
4327,65435710.96
4328,189832.42
4329,0.00
4330,0.00
4331,0.00
4332,15386444.06
4333,0.00
4334,0.00
4335,0.00
4336,497178.09
4337,0.00
4338,26002351.42
4339,0.00
4340,0.00
4341,0.00
4342,0.00
4343,0.00
4344,0.00
4345,0.00
4346,1132253.50
4347,2708493.49
4348,0.00
4349,33262175.67
4350,0.00
4351,0.00
4352,0.00
4353,0.00
4354,0.00
4355,9040670.80
4356,0.00
4357,12167517.78
4358,0.00
4359,0.00
4360,1967607.13
4361,11807610.20
4362,0.00
4363,8181861.14
4364,0.00
4365,424926.86
4366,911762.86
4367,0.00
4368,503622.49
4369,0.00
4370,1137707.42
4371,3413230.65
4372,0.00
4373,0.00
4374,0.00
4375,0.00
4376,103294848.10
4377,0.00
4378,0.00
4379,0.00
4380,3864935.71
4381,30004422.32
4382,0.00
4383,0.00
4384,0.00
4385,0.00
4386,0.00
4387,0.00
4388,0.00
4389,0.00
4390,0.00
4391,0.00
4392,8312516.54
4393,0.00
4394,118311660.39
4395,0.00
4396,0.00
4397,8694571.78
4398,0.00
4399,0.00
4400,0.00
4401,0.00
4402,0.00
4403,0.00
4404,18729547.04
4405,0.00
4406,22888952.08
4407,0.00
4408,2927919.75
4409,43338933.35
4410,7166535.64
4411,0.00
4412,3606145.35
4413,2358983.24
4414,0.00
4415,37035913.14
4416,0.00
4417,0.00
4418,0.00
4419,0.00
4420,0.00
4421,6687248.04
4422,0.00
4423,0.00
4424,966419.84
4425,0.00
4426,3729532.23
4427,1524563.18
4428,2809639.18
4429,7304985.49
4430,0.00
4431,0.00
4432,0.00
4433,0.00
4434,0.00
4435,6314962.67
4436,3340283.91
4437,10365051.58
4438,32521374.78
4439,0.00
4440,0.00
4441,0.00
4442,6318839.78
4443,0.00
4444,0.00
4445,0.00
4446,0.00
4447,2250127.67
4448,0.00
4449,0.00
4450,435041.74
4451,8178062.56
4452,10124850.75
4453,0.00
4454,6321607.30
4455,0.00
4456,0.00
4457,0.00
4458,10079603.33
4459,0.00
4460,24581062.97
4461,0.00
4462,0.00
4463,0.00
4464,2867035.89
4465,71224286.14
4466,0.00
4467,665323.08
4468,15471596.03
4469,0.00
4470,2285288.41
4471,0.00
4472,0.00
4473,0.00
4474,0.00
4475,4723851.65
4476,0.00
4477,0.00
4478,0.00
4479,0.00
4480,0.00
4481,1461814.91
4482,0.00
4483,0.00
4484,0.00
4485,0.00
4486,394230.33
4487,17318652.73
4488,25135831.45
4489,67284663.56
4490,3832475.66
4491,0.00
4492,0.00
4493,0.00
4494,0.00
4495,8699425.67
4496,0.00
4497,0.00
4498,0.00
4499,12822842.32
4500,0.00
4501,556065.33
4502,0.00
4503,4627796.35
4504,0.00
4505,0.00
4506,0.00
4507,0.00
4508,0.00
4509,0.00
4510,0.00
4511,747852.85
4512,0.00
4513,139139671.05
4514,2052180.30
4515,12186421.73
4516,0.00
4517,0.00
4518,0.00
4519,5969780.73
4520,18663881.13
4521,0.00
4522,1705586.94
4523,14962095.08
4524,1481429.89
4525,17021126.90
4526,803867.53
4527,0.00
4528,0.00
4529,73399794.04
4530,0.00
4531,0.00
4532,0.00
4533,0.00
4534,0.00
4535,0.00
4536,1901907.82
4537,0.00
4538,10066150.18
4539,0.00
4540,0.00
4541,0.00
4542,0.00
4543,8051632.86
4544,3972627.66
4545,0.00
4546,0.00
4547,3589707.65
4548,0.00
4549,0.00
4550,10386408.82
4551,0.00
4552,0.00
4553,0.00
4554,2760593.38
4555,0.00
4556,0.00
4557,0.00
4558,0.00
4559,0.00
4560,9243760.87
4561,6308396.79
4562,0.00
4563,0.00
4564,0.00
4565,0.00
4566,0.00
4567,0.00
4568,0.00
4569,0.00
4570,4494129.26
4571,16988344.48
4572,0.00
4573,0.00
4574,0.00
4575,0.00
4576,0.00
4577,1252470.09
4578,0.00
4579,0.00
4580,0.00
4581,3693512.06
4582,0.00
4583,35242687.85
4584,0.00
4585,0.00
4586,2342313.13
4587,0.00
4588,0.00
4589,0.00
4590,0.00
4591,0.00
4592,0.00
4593,0.00
4594,1924284.74
4595,5741324.50
4596,1458740.21
4597,0.00
4598,0.00
4599,0.00
4600,0.00
4601,0.00
4602,1326164.72
4603,0.00
4604,0.00
4605,0.00
4606,0.00
4607,0.00
4608,0.00
4609,0.00
4610,0.00
4611,975765.70
4612,0.00
4613,0.00
4614,16176776.11
4615,0.00
4616,0.00
4617,17708102.51
4618,7098191.29
4619,1639976.83
4620,0.00
4621,2055934.90
4622,0.00
4623,0.00
4624,3347569.26
4625,0.00
4626,0.00
4627,0.00
4628,51637925.37
4629,6855830.71
4630,4247301.95
4631,0.00
4632,7116525.27
4633,0.00
4634,19450703.46
4635,37366311.33
4636,0.00
4637,13032832.56
4638,0.00
4639,0.00
4640,4080167.26
4641,0.00
4642,0.00
4643,1295923.51
4644,0.00
4645,28570336.15
4646,172130447.45
4647,0.00
4648,5383702.97
4649,1730854.74
4650,0.00
4651,0.00
4652,0.00
4653,0.00
4654,23662750.58
4655,0.00
4656,0.00
4657,0.00
4658,0.00
4659,0.00
4660,0.00
4661,0.00
4662,42370773.50
4663,1287067.92
4664,0.00
4665,7033692.38
4666,0.00
4667,5749344.68
4668,0.00
4669,1039295.76
4670,0.00
4671,0.00
4672,4614320.19
4673,1322771.34
4674,14071337.68
4675,0.00
4676,0.00
4677,2900809.04
4678,5390927.59
4679,0.00
4680,23299829.72
4681,0.00
4682,0.00
4683,46660819.17
4684,0.00
4685,1886314.58
4686,0.00
4687,0.00
4688,55946870.44
4689,25595763.59
4690,0.00
4691,0.00
4692,742365.25
4693,0.00
4694,0.00
4695,0.00
4696,0.00
4697,0.00
4698,3795567.07
4699,0.00
4700,0.00
4701,0.00
4702,0.00
4703,8552332.44
4704,0.00
4705,198269927.96
4706,0.00
4707,0.00
4708,8195611.60
4709,6197790.58
4710,0.00
4711,1959399.76
4712,2225569.62
4713,0.00
4714,0.00
4715,10424102.57
4716,0.00
4717,0.00
4718,0.00
4719,0.00
4720,0.00
4721,0.00
4722,0.00
4723,0.00
4724,0.00
4725,1262989.83
4726,0.00
4727,0.00
4728,3452270.44
4729,0.00
4730,725826.51
4731,2680216.00
4732,0.00
4733,25943343.31
4734,0.00
4735,0.00
4736,38220064.91
4737,0.00
4738,9578021.68
4739,1503794.33
4740,6979026.44
4741,0.00
4742,0.00
4743,0.00
4744,1618506.73
4745,0.00
4746,0.00
4747,6135840.10
4748,6604162.89
4749,55505450.44
4750,25332508.68
4751,0.00
4752,0.00
4753,5391570.65
4754,0.00
4755,409096.82
4756,0.00
4757,0.00
4758,0.00
4759,0.00
4760,0.00
4761,0.00
4762,5673735.45
4763,0.00
4764,0.00
4765,0.00
4766,30066452.35
4767,1776915.89
4768,0.00
4769,0.00
4770,5091932.76
4771,17021832.98
4772,0.00
4773,0.00
4774,0.00
4775,0.00
4776,0.00
4777,0.00
4778,0.00
4779,3029511.88
4780,1652698.09
4781,0.00
4782,75279520.91
4783,0.00
4784,6155015.49
4785,0.00
4786,0.00
4787,0.00
4788,0.00
4789,3750389.51
4790,240999.68
4791,0.00
4792,79562273.93
4793,0.00
4794,2724169.49
4795,0.00
4796,6061170.00
4797,0.00
4798,0.00
4799,24687907.22
4800,0.00
4801,889826.51
4802,0.00
4803,0.00
4804,0.00
4805,5059430.61
4806,0.00
4807,0.00
4808,0.00
4809,18499450.09
4810,15075378.73
4811,0.00
4812,1773278.14
4813,0.00
4814,31453168.63
4815,0.00
4816,0.00
4817,0.00
4818,19483074.51
4819,0.00
4820,4085575.26
4821,0.00
4822,10138174.92
4823,13790132.34
4824,5736356.97
4825,0.00
4826,4483538.11
4827,0.00
4828,0.00
4829,0.00
4830,6166035.05
4831,0.00
4832,10766210.67
4833,227808116.88
4834,22712883.07
4835,0.00
4836,9010480.81
4837,0.00
4838,3437081.86
4839,0.00
4840,0.00
4841,0.00
4842,0.00
4843,38439254.95
4844,1115123.47
4845,0.00
4846,32768422.64
4847,9639321.49
4848,0.00
4849,0.00
4850,0.00
4851,578480.41
4852,1892795.48
4853,0.00
4854,0.00
4855,3349818.55
4856,0.00
4857,0.00
4858,0.00
4859,0.00
4860,0.00
4861,0.00
4862,0.00
4863,0.00
4864,0.00
4865,0.00
4866,0.00
4867,0.00
4868,0.00
4869,0.00
4870,0.00
4871,12650485.10
4872,600571.99
4873,9490213.59
4874,0.00
4875,6814915.03
4876,0.00
4877,1154125.52
4878,0.00
4879,0.00
4880,0.00
4881,0.00
4882,0.00
4883,0.00
4884,0.00
4885,13920562.08
4886,0.00
4887,0.00
4888,0.00
4889,73300274.21
4890,10461741.25
4891,25764006.34
4892,0.00
4893,3093769.04
4894,0.00
4895,8854019.03
4896,46616348.88
4897,0.00
4898,0.00
4899,15614222.60
4900,16514305.80
4901,0.00
4902,9793159.40
4903,5355865.25
4904,0.00
4905,0.00
4906,24160390.87
4907,23119456.54
4908,0.00
4909,0.00
4910,0.00
4911,0.00
4912,27854793.02
4913,0.00
4914,0.00
4915,0.00
4916,0.00
4917,0.00
4918,0.00
4919,0.00
4920,0.00
4921,0.00
4922,0.00
4923,994868.68
4924,0.00
4925,2476165.17
4926,56647.34
4927,3307352.95
4928,177885007.68
4929,0.00
4930,0.00
4931,0.00
4932,0.00
4933,0.00
4934,0.00
4935,0.00
4936,0.00
4937,0.00
4938,3966654.04
4939,1384956.94
4940,0.00
4941,0.00
4942,0.00
4943,0.00
4944,0.00
4945,4946866.89
4946,72991654.60
4947,4907550.87
4948,0.00
4949,0.00
4950,0.00
4951,0.00
4952,0.00
4953,0.00
4954,7250071.11
4955,0.00
4956,0.00
4957,0.00
4958,0.00
4959,0.00
4960,2479396.53
4961,10632892.79
4962,97646.87
4963,0.00
4964,0.00
4965,0.00
4966,514863.36
4967,0.00
4968,0.00
4969,0.00
4970,0.00
4971,0.00
4972,0.00
4973,0.00
4974,1390413.56
4975,49941870.57
4976,0.00
4977,4925737.83
4978,8703709.57
4979,1019120.82
4980,0.00
4981,15908503.80
4982,0.00
4983,0.00
4984,0.00
4985,25863535.27
4986,22190952.19
4987,0.00
4988,0.00
4989,0.00
4990,3085129.61
4991,0.00
4992,0.00
4993,0.00
4994,0.00
4995,0.00
4996,3156000.18
4997,0.00
4998,0.00
4999,0.00
5000,11001080.83
5001,0.00
5002,0.00
5003,0.00
5004,2390121.52
5005,0.00
5006,0.00
5007,0.00
5008,0.00
5009,0.00
5010,0.00
5011,0.00
5012,62517821.60
5013,0.00
5014,0.00
5015,0.00
5016,0.00
5017,0.00
5018,0.00
5019,2626596.32
5020,0.00
5021,7760626.80
5022,818643.01
5023,0.00
5024,2350711.54
5025,23991629.68
5026,0.00
5027,2432192.87
5028,0.00
5029,2062445.69
5030,0.00
5031,5307168.75
5032,0.00
5033,0.00
5034,36763025.96
5035,2599672.96
5036,0.00
5037,9713116.22
5038,0.00
5039,3529026.68
5040,38493210.18
5041,839047.74
5042,0.00
5043,0.00
5044,0.00
5045,0.00
5046,0.00
5047,0.00
5048,0.00
5049,0.00
5050,0.00
5051,0.00
5052,13869078.21
5053,16089599.19
5054,43789786.52
5055,210775343.65
5056,0.00
5057,0.00
5058,0.00
5059,3176916.55
5060,0.00
5061,10016985.91
5062,0.00
5063,2881789.49
5064,3584673.22
5065,14847867.92
5066,0.00
5067,0.00
5068,0.00
5069,0.00
5070,2376770.75
5071,0.00
5072,39475913.03
5073,4481388.49
5074,0.00
5075,0.00
5076,0.00
5077,0.00
5078,0.00
5079,0.00
5080,0.00
5081,2606524.75
5082,2544801.06
5083,0.00
5084,3256876.32
5085,1008524.60
5086,0.00
5087,0.00
5088,0.00
5089,0.00
5090,0.00
5091,12928652.24
5092,5637552.57
5093,0.00
5094,0.00
5095,0.00
5096,0.00
5097,1555456.25
5098,25140291.23
5099,0.00
5100,1063580.33
5101,0.00
5102,0.00
5103,0.00
5104,0.00
5105,0.00
5106,4527710.25
5107,7202654.35
5108,0.00
5109,133902.18
5110,18980471.79
5111,10210348.37
5112,64295117.47
5113,0.00
5114,2956413.97
5115,15557646.67
5116,0.00
5117,0.00
5118,0.00
5119,0.00
5120,0.00
5121,0.00
5122,0.00
5123,9149142.48
5124,649209.95
5125,700079.76
5126,74786081.93
5127,0.00
5128,0.00
5129,14633790.45
5130,0.00
5131,0.00
5132,0.00
5133,0.00
5134,0.00
5135,0.00
5136,0.00
5137,0.00
5138,50368146.33
5139,0.00
5140,0.00
5141,2760878.81
5142,0.00
5143,8174101.11
5144,0.00
5145,2049227.39
5146,0.00
5147,0.00
5148,4075522.50
5149,2693827.32
5150,456110.79
5151,0.00
5152,306673.34
5153,76666424.62
5154,0.00
5155,0.00
5156,19315836.42
5157,0.00
5158,36133036.96
5159,541852.92
5160,0.00
5161,8831113.29
5162,1720402.00
5163,0.00
5164,0.00
5165,0.00
5166,0.00
5167,1862852.29
5168,2336652.53
5169,4398123.12
5170,624890.47
5171,0.00
5172,0.00
5173,0.00
5174,0.00
5175,0.00
5176,2332795.21
5177,27103115.63
5178,7436816.94
5179,2844889.47
5180,0.00
5181,0.00
5182,0.00
5183,3337754.59
5184,4691182.40
5185,0.00
5186,2250188.92
5187,0.00
5188,0.00
5189,0.00
5190,0.00
5191,0.00
5192,0.00
5193,1466438.85
5194,0.00
5195,74542313.43
5196,0.00
5197,0.00
5198,3924760.94
5199,0.00
5200,49227374.35
5201,0.00
5202,0.00
5203,0.00
5204,706276.72
5205,855235.49
5206,0.00
5207,0.00
5208,0.00
5209,0.00
5210,1583614.47
5211,6538641.29
5212,0.00
5213,1156940.00
5214,0.00
5215,0.00
5216,0.00
5217,0.00
5218,0.00
5219,0.00
5220,0.00
5221,0.00
5222,0.00
5223,0.00
5224,0.00
5225,0.00
5226,0.00
5227,14742244.09
5228,0.00
5229,0.00
5230,0.00
5231,8685046.73
5232,0.00
5233,0.00
5234,0.00
5235,35974037.15
5236,0.00
5237,6236065.68
5238,0.00
5239,0.00
5240,14086904.68
5241,0.00
5242,0.00
5243,4961890.51
5244,0.00
5245,0.00
5246,18644.73
5247,0.00
5248,0.00
5249,0.00
5250,0.00
5251,0.00
5252,0.00
5253,7851086.45
5254,0.00
5255,23786053.82
5256,0.00
5257,0.00
5258,0.00
5259,3481113.71
5260,0.00
5261,1810150.64
5262,436931.65
5263,0.00
5264,405569.88
5265,0.00
5266,0.00
5267,0.00
5268,0.00
5269,2246141.91
5270,0.00
5271,18074708.24
5272,32725947.50
5273,0.00
5274,0.00
5275,0.00
5276,12405829.27
5277,0.00
5278,0.00
5279,0.00
5280,6603121.84
5281,0.00
5282,0.00
5283,0.00
5284,42012173.16
5285,0.00
5286,2608916.48
5287,0.00
5288,0.00
5289,4487581.04
5290,0.00
5291,0.00
5292,51977608.83
5293,8087311.54
5294,0.00
5295,6443578.62
5296,0.00
5297,0.00
5298,0.00
5299,0.00
5300,0.00
5301,0.00
5302,0.00
5303,0.00
5304,4257695.53
5305,0.00
5306,56994444.20
5307,5097123.98
5308,0.00
5309,10779088.94
5310,7903613.99
5311,0.00
5312,0.00
5313,1937021.49
5314,21460242.26
5315,0.00
5316,32261460.84
5317,1974263.44
5318,0.00
5319,0.00
5320,2012971.24
5321,0.00
5322,0.00
5323,1330322.69
5324,15045809.74
5325,0.00
5326,0.00
5327,675613.29
5328,485416.85
5329,0.00
5330,0.00
5331,0.00
5332,20419000.89
5333,0.00
5334,23627280.88
5335,0.00
5336,3889522.45
5337,0.00
5338,0.00
5339,0.00
5340,0.00
5341,1393693.07
5342,0.00
5343,3010713.89
5344,3348449.24
5345,1297195.95
5346,837953.42
5347,13403380.06
5348,0.00
5349,16504048.21
5350,0.00
5351,0.00
5352,2174339.06
5353,889513.01
5354,1084381.11
5355,0.00
5356,0.00
5357,0.00
5358,0.00
5359,0.00
5360,0.00
5361,9813237.06
5362,0.00
5363,0.00
5364,0.00
5365,2949737.01
5366,0.00
5367,0.00
5368,497682.99
5369,3680625.40
5370,0.00
5371,0.00
5372,0.00
5373,0.00
5374,6215695.25
5375,0.00
5376,0.00
5377,0.00
5378,0.00
5379,0.00
5380,609130.17
5381,0.00
5382,35236899.70
5383,917175.69
5384,0.00
5385,0.00
5386,2055535.05
5387,7053630.12
5388,10423089.58
5389,0.00
5390,0.00
5391,0.00
5392,0.00
5393,0.00
5394,0.00
5395,297475.62
5396,0.00
5397,0.00
5398,0.00
5399,0.00
5400,0.00
5401,0.00
5402,0.00
5403,2004414.41
5404,0.00
5405,0.00
5406,1052553.96
5407,1988633.58
5408,0.00
5409,0.00
5410,0.00
5411,0.00
5412,0.00
5413,0.00
5414,0.00
5415,0.00
5416,0.00
5417,0.00
5418,0.00
5419,28726807.32
5420,10055728.38
5421,1772793.47
5422,3853098.65
5423,0.00
5424,11903381.47
5425,10634045.41
5426,0.00
5427,0.00
5428,67595677.51
5429,0.00
5430,13790289.43
5431,1517037.80
5432,966829.25
5433,1968849.53
5434,0.00
5435,6087743.26
5436,0.00
5437,3693512.30
5438,0.00
5439,0.00
5440,0.00
5441,1481782.69
5442,0.00
5443,0.00
5444,0.00
5445,0.00
5446,21576370.38
5447,0.00
5448,0.00
5449,1684079.54
5450,0.00
5451,0.00
5452,11484634.03
5453,0.00
5454,0.00
5455,0.00
5456,0.00
5457,0.00
5458,0.00
5459,5497256.36
5460,0.00
5461,0.00
5462,0.00
5463,0.00
5464,0.00
5465,1113478.91
5466,0.00
5467,0.00
5468,9235893.71
5469,728450.43
5470,6132182.92
5471,4513278.85
5472,0.00
5473,16035687.47
5474,0.00
5475,3901508.40
5476,0.00
5477,0.00
5478,0.00
5479,0.00
5480,0.00
5481,0.00
5482,1907725.43
5483,4172294.70
5484,0.00
5485,0.00
5486,0.00
5487,0.00
5488,5175484.85
5489,32712049.63
5490,11311486.00
5491,5032174.22
5492,0.00
5493,0.00
5494,8077814.39
5495,702109.39
5496,0.00
5497,0.00
5498,0.00
5499,613911.25
5500,54505034.67
5501,0.00
5502,0.00
5503,0.00
5504,58654560.96
5505,0.00
5506,6416294.15
5507,3943546.82
5508,0.00
5509,3553603.64
5510,0.00
5511,0.00
5512,0.00
5513,0.00
5514,840767.41
5515,2137933.21
5516,385389.15
5517,0.00
5518,0.00
5519,0.00
5520,0.00
5521,0.00
5522,0.00
5523,0.00
5524,0.00
5525,0.00
5526,5472554.67
5527,0.00
5528,0.00
5529,0.00
5530,0.00
5531,0.00
5532,8360620.12
5533,86758465.15
5534,3394939.64
5535,0.00
5536,0.00
5537,0.00
5538,0.00
5539,0.00
5540,12805503.00
5541,14072368.79
5542,0.00
5543,0.00
5544,0.00
5545,0.00
5546,21601144.47
5547,0.00
5548,0.00
5549,41613175.52
5550,0.00
5551,26062882.19
5552,2840973.99
5553,0.00
5554,0.00
5555,0.00
5556,0.00
5557,3884700.90
5558,0.00
5559,4166893.27
5560,0.00
5561,3307537.80
5562,0.00
5563,0.00
5564,0.00
5565,0.00
5566,0.00
5567,4693851.22
5568,21622770.21
5569,4310181.38
5570,4566298.60
5571,0.00
5572,0.00
5573,0.00
5574,0.00
5575,0.00
5576,0.00
5577,3452141.62
5578,21284011.63
5579,0.00
5580,0.00
5581,2916706.63
5582,0.00
5583,0.00
5584,3049708.34
5585,878816.04
5586,0.00
5587,1907226.62
5588,602845.57
5589,0.00
5590,0.00
5591,0.00
5592,0.00
5593,0.00
5594,14388728.63
5595,0.00
5596,4196455.19
5597,0.00
5598,7717441.41
5599,0.00
5600,0.00
5601,0.00
5602,0.00
5603,0.00
5604,0.00
5605,5531749.05
5606,0.00
5607,0.00
5608,1774793.04
5609,0.00
5610,0.00
5611,5054842.09
5612,0.00
5613,0.00
5614,0.00
5615,69538418.76
5616,0.00
5617,0.00
5618,26078838.64
5619,0.00
5620,1156549.49
5621,0.00
5622,0.00
5623,0.00
5624,3160542.59
5625,0.00
5626,0.00
5627,50016229.57
5628,0.00
5629,0.00
5630,0.00
5631,4506861.63
5632,20686678.97
5633,2770783.17
5634,0.00
5635,10689582.73
5636,0.00
5637,0.00
5638,2846783.66
5639,6712801.82
5640,0.00
5641,0.00
5642,0.00
5643,0.00
5644,566926.50
5645,0.00
5646,4785639.44
5647,0.00
5648,0.00
5649,5957657.30
5650,0.00
5651,0.00
5652,0.00
5653,39797551.75
5654,2809498.22
5655,0.00
5656,0.00
5657,0.00
5658,0.00
5659,262619.13
5660,10584572.28
5661,0.00
5662,0.00
5663,0.00
5664,0.00
5665,4251187.72
5666,0.00
5667,5117344.08
5668,5557368.11
5669,0.00
5670,0.00
5671,0.00
5672,0.00
5673,0.00
5674,0.00
5675,0.00
5676,0.00
5677,8420363.76
5678,7085781.35
5679,0.00
5680,0.00
5681,0.00
5682,1495546.61
5683,0.00
5684,0.00
5685,0.00
5686,3282374.49
5687,0.00
5688,0.00
5689,0.00
5690,0.00
5691,2114062.25
5692,0.00
5693,2300271.99
5694,0.00
5695,0.00
5696,8672678.91
5697,0.00
5698,0.00
5699,20561577.34
5700,0.00
5701,0.00
5702,0.00
5703,0.00
5704,12008794.84
5705,0.00
5706,0.00
5707,0.00
5708,0.00
5709,463155.71
5710,5301202.32
5711,0.00
5712,0.00
5713,0.00
5714,0.00
5715,0.00
5716,3542842.60
5717,0.00
5718,638374.98
5719,0.00
5720,17149435.66
5721,0.00
5722,8098071.23
5723,0.00
5724,1980611.49
5725,31312974.89
5726,39546168.51
5727,0.00
5728,1921384.27
5729,5016611.41
5730,0.00
5731,749931.07
5732,0.00
5733,9812603.93
5734,8431054.81
5735,21900464.55
5736,0.00
5737,0.00
5738,0.00
5739,12582186.11
5740,1549405.28
5741,0.00
5742,56220128.03
5743,3734759.29
5744,0.00
5745,887031.69
5746,1024706.37
5747,13441664.73
5748,0.00
5749,0.00
5750,3103587.04
5751,0.00
5752,0.00
5753,0.00
5754,5552729.83
5755,17431038.87
5756,0.00
5757,0.00
5758,0.00
5759,66660856.92
5760,0.00
5761,0.00
5762,0.00
5763,6462227.37
5764,0.00
5765,0.00
5766,665910.95
5767,0.00
5768,0.00
5769,0.00
5770,8782642.77
5771,0.00
5772,17210328.29
5773,0.00
5774,0.00
5775,0.00
5776,0.00
5777,8886004.59
5778,0.00
5779,3777515.13
5780,828211.90
5781,6355537.48
5782,0.00
5783,0.00
5784,0.00
5785,3951163.04
5786,0.00
5787,0.00
5788,0.00
5789,0.00
5790,991178.24
5791,0.00
5792,0.00
5793,0.00
5794,658925.04
5795,0.00
5796,4374162.13
5797,0.00
5798,0.00
5799,0.00
5800,0.00
5801,20690112.14
5802,0.00
5803,4172013.45
5804,2959979.17
5805,15544624.72
5806,0.00
5807,0.00
5808,0.00
5809,0.00
5810,85669248.42
5811,0.00
5812,0.00
5813,0.00
5814,0.00
5815,0.00
5816,0.00
5817,3750195.44
5818,0.00
5819,0.00
5820,12254717.81
5821,0.00
5822,3718323.07
5823,0.00
5824,7243496.95
5825,0.00
5826,7230465.12
5827,0.00
5828,0.00
5829,0.00
5830,0.00
5831,0.00
5832,0.00
5833,0.00
5834,1554843.62
5835,8167113.17
5836,2358008.37
5837,49723434.46
5838,1888464.98
5839,3351435.50
5840,720730.59
5841,0.00
5842,0.00
5843,0.00
5844,0.00
5845,0.00
5846,0.00
5847,0.00
5848,0.00
5849,7907618.24
5850,0.00
5851,18642702.38
5852,0.00
5853,0.00
5854,0.00
5855,2689620.37
5856,0.00
5857,0.00
5858,686250.73
5859,0.00
5860,0.00
5861,0.00
5862,0.00
5863,0.00
5864,30722513.72
5865,15810641.41
5866,116173691.66
5867,2282321.39
5868,0.00
5869,0.00
5870,0.00
5871,0.00
5872,1518522.83
5873,0.00
5874,0.00
5875,0.00
5876,0.00
5877,0.00
5878,0.00
5879,78790601.12
5880,0.00
5881,0.00
5882,0.00
5883,0.00
5884,2945384.46
5885,0.00
5886,0.00
5887,0.00
5888,0.00
5889,5847560.85
5890,7781151.71
5891,0.00
5892,0.00
5893,86384916.34
5894,4974536.64
5895,0.00
5896,8204262.64
5897,0.00
5898,0.00
5899,1133584.80
5900,0.00
5901,0.00
5902,0.00
5903,0.00
5904,0.00
5905,5769593.53
5906,0.00
5907,0.00
5908,3607884.38
5909,16891243.19
5910,0.00
5911,0.00
5912,0.00
5913,0.00
5914,0.00
5915,0.00
5916,0.00
5917,38283035.76
5918,0.00
5919,0.00
5920,0.00
5921,0.00
5922,0.00
5923,5412337.08
5924,0.00
5925,0.00
5926,0.00
5927,0.00
5928,0.00
5929,9307464.54
5930,0.00
5931,0.00
5932,0.00
5933,46548513.79
5934,0.00
5935,0.00
5936,4192735.59
5937,0.00
5938,0.00
5939,0.00
5940,11483218.36
5941,0.00
5942,0.00
5943,1905080.00
5944,5199572.21
5945,0.00
5946,65254005.27
5947,0.00
5948,2844906.09
5949,3927681.90
5950,0.00
5951,0.00
5952,3814067.73
5953,11675207.52
5954,3042317.26
5955,0.00
5956,0.00
5957,8506318.17
5958,0.00
5959,15711700.07
5960,0.00
5961,0.00
5962,0.00
5963,0.00
5964,0.00
5965,0.00
5966,0.00
5967,20379212.58
5968,607354.97
5969,15657010.67
5970,0.00
5971,0.00
5972,0.00
5973,1902871.82
5974,2394004.97
5975,1926484.28
5976,6970539.41
5977,0.00
5978,12756740.42
5979,0.00
5980,290506.83
5981,0.00
5982,3157633.88
5983,1948684.43
5984,0.00
5985,0.00
5986,0.00
5987,18857941.14
5988,0.00
5989,0.00
5990,0.00
5991,16197618.24
5992,0.00
5993,0.00
5994,1215892.51
5995,0.00
5996,1910818.31
5997,0.00
5998,2339974.90
5999,31254798.96
6000,0.00
6001,1090777.18
6002,31703650.81
6003,0.00
6004,19072612.74
6005,9702980.87
6006,7272435.47
6007,1667286.24
6008,0.00
6009,339491.27
6010,4973598.30
6011,0.00
6012,0.00
6013,0.00
6014,3308978.48
6015,0.00
6016,0.00
6017,2384822.96
6018,538543.82
6019,0.00
6020,0.00
6021,0.00
6022,0.00
6023,0.00
6024,22802827.67
6025,0.00
6026,0.00
6027,0.00
6028,1206441.72
6029,0.00
6030,0.00
6031,18821164.54
6032,0.00
6033,0.00
6034,0.00
6035,0.00
6036,0.00
6037,0.00
6038,3265641.89
6039,4332851.88
6040,369544.27
6041,0.00
6042,18516430.39
6043,2658583.29
6044,0.00
6045,34636356.10
6046,0.00
6047,0.00
6048,12863570.86
6049,11495221.18
6050,0.00
6051,0.00
6052,16341782.29
6053,0.00
6054,13489726.11
6055,1978444.77
6056,0.00
6057,0.00
6058,0.00
6059,0.00
6060,38122172.65
6061,0.00
6062,2800711.88
6063,3748007.04
6064,4252387.54
6065,0.00
6066,0.00
6067,0.00
6068,0.00
6069,0.00
6070,1534753.96
6071,0.00
6072,4480640.88
6073,0.00
6074,0.00
6075,8769372.08
6076,3302186.75
6077,7421318.40
6078,13493517.90
6079,0.00
6080,0.00
6081,0.00
6082,0.00
6083,1709437.51
6084,3261744.55
6085,3021549.96
6086,0.00
6087,530466.15
6088,0.00
6089,0.00
6090,0.00
6091,380030.58
6092,0.00
6093,0.00
6094,8477256.57
6095,2394109.92
6096,0.00
6097,1079416.97
6098,0.00
6099,17784709.52
6100,0.00
6101,30963576.17
6102,0.00
6103,0.00
6104,53361895.18
6105,13644994.14
6106,1235560.96
6107,0.00
6108,26404713.92
6109,0.00
6110,0.00
6111,0.00
6112,0.00
6113,0.00
6114,0.00
6115,0.00
6116,0.00
6117,291458.52
6118,8572475.45
6119,3079246.78
6120,13548568.11
6121,1436392.55
6122,0.00
6123,0.00
6124,36114477.56
6125,0.00
6126,0.00
6127,11115496.60
6128,0.00
6129,0.00
6130,0.00
6131,0.00
6132,4397747.21
6133,0.00
6134,13432964.23
6135,0.00
6136,2151785.08
6137,0.00
6138,9178409.47
6139,1324135.83
6140,0.00
6141,6655342.69
6142,5998640.10
6143,0.00
6144,40600428.00
6145,0.00
6146,0.00
6147,26970558.58
6148,7332083.95
6149,1720121.30
6150,0.00
6151,0.00
6152,0.00
6153,0.00
6154,0.00
6155,3426291.64
6156,0.00
6157,0.00
6158,0.00
6159,2661630.43
6160,0.00
6161,0.00
6162,10778791.37
6163,0.00
6164,3135878.38
6165,0.00
6166,0.00
6167,0.00
6168,0.00
6169,2989774.90
6170,0.00
6171,0.00
6172,8156440.77
6173,0.00
6174,2343147.22
6175,2845522.39
6176,0.00
6177,968087.95
6178,0.00
6179,12282918.88
6180,843162.75
6181,3900383.33
6182,0.00
6183,785480.01
6184,642412.31
6185,0.00
6186,670064.33
6187,10957373.43
6188,0.00
6189,0.00
6190,19746034.77
6191,0.00
6192,0.00
6193,0.00
6194,2028364.73
6195,0.00
6196,0.00
6197,0.00
6198,591173.21
6199,0.00
6200,0.00
6201,0.00
6202,0.00
6203,33352473.16
6204,21073857.58
6205,0.00
6206,0.00
6207,0.00
6208,1910449.34
6209,0.00
6210,0.00
6211,0.00
6212,0.00
6213,0.00
6214,12273733.84
6215,0.00
6216,4375338.55
6217,0.00
6218,0.00
6219,12894537.49
6220,0.00
6221,0.00
6222,1553110.02
6223,0.00
6224,982816.24
6225,4641668.63
6226,0.00
6227,0.00
6228,4747181.45
6229,0.00
6230,0.00
6231,3819935.60
6232,0.00
6233,0.00
6234,5317418.51
6235,6966623.97
6236,0.00
6237,188016427.54
6238,0.00
6239,0.00
6240,0.00
6241,0.00
6242,0.00
6243,0.00
6244,0.00
6245,0.00
6246,0.00
6247,0.00
6248,0.00
6249,59507994.26
6250,0.00
6251,0.00
6252,0.00
6253,6685659.39
6254,0.00
6255,0.00
6256,0.00
6257,65522724.16
6258,0.00
6259,6306304.44
6260,0.00
6261,0.00
6262,0.00
6263,3707411.33
6264,0.00
6265,102122752.88
6266,18677113.18
6267,0.00
6268,0.00
6269,0.00
6270,15030967.86
6271,0.00
6272,0.00
6273,9257876.36
6274,12122019.67
6275,0.00
6276,14704564.75
6277,3431365.23
6278,5378161.94
6279,0.00
6280,2729970.71
6281,0.00
6282,0.00
6283,0.00
6284,689940.81
6285,1545391.31
6286,0.00
6287,0.00
6288,455283.18
6289,0.00
6290,0.00
6291,0.00
6292,0.00
6293,0.00
6294,0.00
6295,0.00
6296,26345871.03
6297,0.00
6298,0.00
6299,0.00
6300,0.00
6301,0.00
6302,0.00
6303,0.00
6304,0.00
6305,0.00
6306,0.00
6307,0.00
6308,0.00
6309,2810655.66
6310,0.00
6311,0.00
6312,750119.36
6313,0.00
6314,0.00
6315,0.00
6316,0.00
6317,807876.80
6318,0.00
6319,0.00
6320,0.00
6321,110069335.23
6322,0.00
6323,0.00
6324,2863794.23
6325,0.00
6326,0.00
6327,0.00
6328,0.00
6329,1951295.82
6330,0.00
6331,0.00
6332,5895797.46
6333,0.00
6334,0.00
6335,0.00
6336,0.00
6337,0.00
6338,16169275.04
6339,0.00
6340,0.00
6341,5186822.70
6342,0.00
6343,10901015.95
6344,3481731.61
6345,5704630.15
6346,0.00
6347,0.00
6348,0.00
6349,10617770.05
6350,27357277.04
6351,0.00
6352,0.00
6353,13849267.23
6354,0.00
6355,8082766.78
6356,790669.42
6357,15922205.73
6358,2298325.03
6359,6848682.25
6360,208529295.57
6361,6659277.86
6362,0.00
6363,0.00
6364,1106341.43
6365,5087863.52
6366,0.00
6367,0.00
6368,0.00
6369,0.00
6370,0.00
6371,0.00
6372,0.00
6373,0.00
6374,30274037.37
6375,2070804.63
6376,4180247.50
6377,15665209.73
6378,0.00
6379,0.00
6380,0.00
6381,0.00
6382,53051360.78
6383,0.00
6384,0.00
6385,0.00
6386,1358377.90
6387,0.00
6388,0.00
6389,0.00
6390,0.00
6391,0.00
6392,0.00
6393,3010738.01
6394,5410896.60
6395,117431476.67
6396,18834210.21
6397,0.00
6398,2508894.66
6399,0.00
6400,0.00
6401,157898669.65
6402,15215965.40
6403,0.00
6404,9819324.86
6405,0.00
6406,0.00
6407,2092298.56
6408,0.00
6409,29842912.30
6410,2311135.95
6411,0.00
6412,0.00
6413,0.00
6414,0.00
6415,0.00
6416,3578317.35
6417,0.00
6418,0.00
6419,0.00
6420,7606694.25
6421,0.00
6422,0.00
6423,0.00
6424,0.00
6425,0.00
6426,24597288.67
6427,1502511.32
6428,206870510.16
6429,0.00
6430,0.00
6431,0.00
6432,0.00
6433,0.00
6434,0.00
6435,3052019.65
6436,0.00
6437,0.00
6438,0.00
6439,0.00
6440,0.00
6441,0.00
6442,331738.99
6443,2097697.83
6444,10019096.39
6445,0.00
6446,254542.80
6447,0.00
6448,9409064.39
6449,0.00
6450,3442166.58
6451,7102835.84
6452,0.00
6453,0.00
6454,0.00
6455,0.00
6456,3406690.81
6457,0.00
6458,0.00
6459,0.00
6460,0.00
6461,2181261.11
6462,0.00
6463,753981.02
6464,0.00
6465,0.00
6466,48986045.27
6467,0.00
6468,14135410.82
6469,3197932.49
6470,0.00
6471,16942253.79
6472,0.00
6473,0.00
6474,0.00
6475,0.00
6476,5334846.41
6477,6001577.16
6478,0.00
6479,9738466.85
6480,190666797.65
6481,0.00
6482,0.00
6483,2001371.03
6484,2152502.22
6485,0.00
6486,0.00
6487,0.00
6488,0.00
6489,1141061.49
6490,0.00
6491,160494274.57
6492,0.00
6493,0.00
6494,0.00
6495,0.00
6496,0.00
6497,744684.50
6498,0.00
6499,0.00
6500,0.00
6501,0.00
6502,16665747.41
6503,11417277.71
6504,3473431.98
6505,9678596.76
6506,0.00
6507,0.00
6508,806235.66
6509,0.00
6510,0.00
6511,7827811.37
6512,0.00
6513,0.00
6514,7440426.11
6515,0.00
6516,0.00
6517,12113870.76
6518,38635393.98
6519,0.00
6520,0.00
6521,0.00
6522,0.00
6523,0.00
6524,0.00
6525,0.00
6526,0.00
6527,0.00
6528,45768853.53
6529,0.00
6530,66957240.71
6531,0.00
6532,0.00
6533,10477841.75
6534,4492878.85
6535,12178951.62
6536,0.00
6537,42308794.50
6538,0.00
6539,0.00
6540,0.00
6541,0.00
6542,3105240.55
6543,0.00
6544,0.00
6545,4850917.18
6546,0.00
6547,0.00
6548,0.00
6549,0.00
6550,0.00
6551,0.00
6552,0.00
6553,0.00
6554,0.00
6555,15696730.70
6556,0.00
6557,0.00
6558,58400707.81
6559,0.00
6560,18512796.02
6561,11256558.31
6562,0.00
6563,1164582.61
6564,0.00
6565,984187.96
6566,0.00
6567,0.00
6568,0.00
6569,0.00
6570,0.00
6571,4207263.55
6572,1803584.75
6573,0.00
6574,0.00
6575,2011027.62
6576,0.00
6577,0.00
6578,0.00
6579,37837348.80
6580,0.00
6581,0.00
6582,8534291.99
6583,0.00
6584,0.00
6585,0.00
6586,0.00
6587,0.00
6588,1603665.85
6589,0.00
6590,24857637.50
6591,23859871.96
6592,0.00
6593,0.00
6594,0.00
6595,15625501.26
6596,705097.64
6597,3238624.76
6598,134151908.64
6599,0.00
6600,0.00
6601,72518924.92
6602,0.00
6603,0.00
6604,12935994.45
6605,0.00
6606,0.00
6607,6011294.52
6608,0.00
6609,0.00
6610,0.00
6611,27517089.35
6612,0.00
6613,0.00
6614,0.00
6615,4369305.58
6616,0.00
6617,1642911.26
6618,0.00
6619,10743491.42
6620,0.00
6621,0.00
6622,0.00
6623,0.00
6624,1538584.03
6625,0.00
6626,4637648.51
6627,16737694.91
6628,0.00
6629,0.00
6630,930687.73
6631,0.00
6632,0.00
6633,779744.85
6634,3437844.29
6635,0.00
6636,8863572.01
6637,14206954.21
6638,0.00
6639,31214661.33
6640,0.00
6641,1571567.85
6642,0.00
6643,1667873.86
6644,0.00
6645,49197288.22
6646,0.00
6647,28536990.09
6648,0.00
6649,0.00
6650,0.00
6651,0.00
6652,0.00
6653,2097288.66
6654,0.00
6655,0.00
6656,0.00
6657,9303435.17
6658,0.00
6659,1181712.93
6660,0.00
6661,4937711.09
6662,0.00
6663,0.00
6664,0.00
6665,3137704.49
6666,0.00
6667,18418331.48
6668,221162.39
6669,1434636.80
6670,4028689.36
6671,0.00
6672,0.00
6673,4728982.60
6674,0.00
6675,0.00
6676,439204.01
6677,1223361.00
6678,0.00
6679,22652391.21
6680,1415518.29
6681,0.00
6682,0.00
6683,8515706.94
6684,11749870.09
6685,6608810.40
6686,0.00
6687,0.00
6688,41588126.36
6689,7965091.34
6690,204474782.87
6691,5096470.86
6692,0.00
6693,0.00
6694,0.00
6695,0.00
6696,0.00
6697,40355472.51
6698,0.00
6699,0.00
6700,1277033.26
6701,0.00
6702,0.00
6703,0.00
6704,12807579.29
6705,0.00
6706,2312022.08
6707,14602864.17
6708,0.00
6709,0.00
6710,0.00
6711,0.00
6712,0.00
6713,6175328.76
6714,0.00
6715,0.00
6716,0.00
6717,37800388.17
6718,2439429.32
6719,0.00
6720,0.00
6721,0.00
6722,0.00
6723,4205189.86
6724,5800233.38
6725,29470751.59
6726,0.00
6727,0.00
6728,0.00
6729,9592409.22
6730,0.00
6731,0.00
6732,0.00
6733,0.00
6734,1287491.41
6735,2526338.74
6736,0.00
6737,0.00
6738,934788.95
6739,9662056.60
6740,0.00
6741,1266071.58
6742,9713147.27
6743,2210693.86
6744,0.00
6745,77232450.92
6746,2263128.23
6747,7315560.69
6748,0.00
6749,0.00
6750,14065126.41
6751,0.00
6752,0.00
6753,0.00
6754,2410597.37
6755,0.00
6756,0.00
6757,2532405.99
6758,2442439.19
6759,0.00
6760,3625080.84
6761,0.00
6762,1156474.50
6763,0.00
6764,0.00
6765,5734453.99
6766,21752398.40
6767,2160133.91
6768,4915482.02
6769,0.00
6770,1197949.24
6771,0.00
6772,0.00
6773,0.00
6774,0.00
6775,3924323.15
6776,0.00
6777,46094289.29
6778,2143138.93
6779,0.00
6780,0.00
6781,0.00
6782,0.00
6783,2080241.69
6784,66663737.17
6785,3140893.23
6786,0.00
6787,0.00
6788,44778369.00
6789,0.00
6790,10224435.48
6791,433434.26
6792,0.00
6793,3951563.67
6794,5066103.67
6795,0.00
6796,4715474.85
6797,0.00
6798,0.00
6799,0.00
6800,0.00
6801,19544149.37
6802,0.00
6803,10414097.53
6804,0.00
6805,0.00
6806,2610150.51
6807,7471451.98
6808,0.00
6809,5439414.30
6810,0.00
6811,0.00
6812,0.00
6813,0.00
6814,0.00
6815,12738358.26
6816,0.00
6817,757635.11
6818,0.00
6819,27548073.58
6820,11678695.85
6821,9915445.90
6822,5109616.08
6823,0.00
6824,780533.22
6825,13104094.33
6826,0.00
6827,0.00
6828,0.00
6829,0.00
6830,4105962.97
6831,0.00
6832,512860.92
6833,0.00
6834,0.00
6835,0.00
6836,0.00
6837,0.00
6838,0.00
6839,0.00
6840,16388626.68
6841,2267530.49
6842,0.00
6843,17124194.85
6844,0.00
6845,3883438.81
6846,11804955.54
6847,2474967.54
6848,0.00
6849,0.00
6850,0.00
6851,2745227.28
6852,251050.48
6853,0.00
6854,2429645.15
6855,0.00
6856,0.00
6857,0.00
6858,0.00
6859,0.00
6860,0.00
6861,0.00
6862,4600906.39
6863,0.00
6864,0.00
6865,0.00
6866,1895200.42
6867,0.00
6868,0.00
6869,0.00
6870,0.00
6871,340189708.18
6872,4955349.10
6873,0.00
6874,0.00
6875,0.00
6876,0.00
6877,0.00
6878,20284564.03
6879,0.00
6880,0.00
6881,7521872.04
6882,6593066.52
6883,0.00
6884,15227049.42
6885,0.00
6886,7414013.15
6887,4622837.84
6888,0.00
6889,2890978.08
6890,0.00
6891,0.00
6892,0.00
6893,833073.68
6894,0.00
6895,0.00
6896,0.00
6897,0.00
6898,0.00
6899,2759889.39
6900,799061.86
6901,0.00
6902,3409681.85
6903,7610256.35
6904,0.00
6905,10713284.59
6906,0.00
6907,0.00
6908,90644173.52
6909,0.00
6910,0.00
6911,0.00
6912,0.00
6913,1123910.63
6914,0.00
6915,0.00
6916,0.00
6917,0.00
6918,0.00
6919,2228077.54
6920,0.00
6921,561305.97
6922,0.00
6923,79620622.87
6924,0.00
6925,0.00
6926,0.00
6927,0.00
6928,0.00
6929,0.00
6930,26028018.96
6931,1492016.79
6932,4572111.58
6933,1167605.37
6934,0.00
6935,0.00
6936,0.00
6937,0.00
6938,0.00
6939,2108094.51
6940,0.00
6941,0.00
6942,11489091.99
6943,0.00
6944,9863623.98
6945,8941017.95
6946,10512328.14
6947,0.00
6948,0.00
6949,2018128.66
6950,0.00
6951,777037.59
6952,48663051.48
6953,0.00
6954,0.00
6955,0.00
6956,0.00
6957,0.00
6958,6064456.90
6959,12367418.40
6960,5824160.13
6961,0.00
6962,0.00
6963,11967521.69
6964,39115048.75
6965,0.00
6966,0.00
6967,16222521.96
6968,364771.85
6969,0.00
6970,0.00
6971,3349331.05
6972,14559814.86
6973,2931461.16
6974,0.00
6975,23702428.83
6976,6971444.75
6977,0.00
6978,0.00
6979,5841236.94
6980,0.00
6981,0.00
6982,0.00
6983,3015404.13
6984,1058105.56
6985,2164272.57
6986,55790629.19
6987,0.00
6988,0.00
6989,0.00
6990,6609712.15
6991,1867168.34
6992,0.00
6993,0.00
6994,6246801.07
6995,52501609.45
6996,17635589.66
6997,0.00
6998,0.00
6999,0.00
7000,4943810.44
7001,0.00
7002,0.00
7003,0.00
7004,831838.77
7005,0.00
7006,0.00
7007,0.00
7008,0.00
7009,1404956.49
7010,2612559.71
7011,0.00
7012,0.00
7013,0.00
7014,884967.79
7015,0.00
7016,10560108.23
7017,0.00
7018,0.00
7019,43234301.33
7020,19510844.13
7021,6528851.65
7022,0.00
7023,1260615.10
7024,0.00
7025,0.00
7026,0.00
7027,0.00
7028,0.00
7029,0.00
7030,0.00
7031,1675096.87
7032,0.00
7033,0.00
7034,354328022.81
7035,6402187.01
7036,61241316.73
7037,0.00
7038,0.00
7039,6045662.20
7040,0.00
7041,618921.45
7042,0.00
7043,0.00
7044,1791762.36
7045,0.00
7046,0.00
7047,0.00
7048,0.00
7049,0.00
7050,866637.52
7051,5619349.82
7052,26001295.10
7053,295738.29
7054,0.00
7055,0.00
7056,82129299.63
7057,19872195.68
7058,853006.88
7059,0.00
7060,7524217.97
7061,6118140.64
7062,0.00
7063,0.00
7064,0.00
7065,0.00
7066,0.00
7067,0.00
7068,0.00
7069,0.00
7070,53951071.39
7071,2367701.43
7072,0.00
7073,0.00
7074,0.00
7075,0.00
7076,2718651.91
7077,6299262.61
7078,0.00
7079,0.00
7080,260621.08
7081,2914431.38
7082,1409828.32
7083,23590252.73
7084,0.00
7085,0.00
7086,4300887.57
7087,0.00
7088,3452302.78
7089,0.00
7090,0.00
7091,64025972.52
7092,40258725.44
7093,0.00
7094,0.00
7095,8744890.61
7096,11445799.56
7097,0.00
7098,0.00
7099,0.00
7100,0.00
7101,0.00
7102,146670887.15
7103,2648557.93
7104,2058233.32
7105,0.00
7106,541479.24
7107,0.00
7108,0.00
7109,0.00
7110,29461777.80
7111,0.00
7112,0.00
7113,0.00
7114,0.00
7115,1151496.71
7116,0.00
7117,6753213.97
7118,0.00
7119,4909288.68
7120,180789519.54
7121,0.00
7122,0.00
7123,0.00
7124,0.00
7125,1187661.69
7126,0.00
7127,0.00
7128,9226672.76
7129,4803874.89
7130,4324738.78
7131,0.00
7132,0.00
7133,0.00
7134,3894473.60
7135,0.00
7136,0.00
7137,0.00
7138,8604779.34
7139,7538365.56
7140,8136373.69
7141,0.00
7142,0.00
7143,0.00
7144,0.00
7145,0.00
7146,27333544.99
7147,0.00
7148,11321560.02
7149,0.00
7150,6663132.57
7151,0.00
7152,0.00
7153,0.00
7154,3670767.69
7155,0.00
7156,0.00
7157,5606119.23
7158,0.00
7159,0.00
7160,0.00
7161,1585485.01
7162,0.00
7163,1422493.76
7164,0.00
7165,0.00
7166,16373687.35
7167,3102674.15
7168,0.00
7169,12612509.05
7170,2902562.86
7171,0.00
7172,0.00
7173,4867192.05
7174,0.00
7175,0.00
7176,1934543.22
7177,0.00
7178,0.00
7179,0.00
7180,2142489.60
7181,0.00
7182,0.00
7183,0.00
7184,0.00
7185,0.00
7186,0.00
7187,0.00
7188,11765604.45
7189,0.00
7190,0.00
7191,2857696.48
7192,13437595.06
7193,68555666.71
7194,1076221.42
7195,8941688.67
7196,0.00
7197,17223833.20
7198,16506414.03
7199,0.00
7200,0.00
7201,6642005.63
7202,0.00
7203,2508703.36
7204,0.00
7205,0.00
7206,0.00
7207,0.00
7208,0.00
7209,0.00
7210,21247221.39
7211,0.00
7212,0.00
7213,12504632.66
7214,6058383.18
7215,0.00
7216,0.00
7217,29546993.39
7218,0.00
7219,1695927.85
7220,0.00
7221,0.00
7222,0.00
7223,15027663.44
7224,0.00
7225,0.00
7226,379555.60
7227,5118646.39
7228,0.00
7229,0.00
7230,0.00
7231,0.00
7232,0.00
7233,5089489.55
7234,0.00
7235,4651991.89
7236,0.00
7237,13609377.98
7238,0.00
7239,7741376.17
7240,0.00
7241,1447723.98
7242,0.00
7243,0.00
7244,33272463.88
7245,2712146.27
7246,0.00
7247,5349028.50
7248,0.00
7249,0.00
7250,0.00
7251,3515412.42
7252,91680994.83
7253,0.00
7254,0.00
7255,6661005.72
7256,0.00
7257,0.00
7258,0.00
7259,50352313.74
7260,0.00
7261,0.00
7262,0.00
7263,2077425.14
7264,0.00
7265,3483614.10
7266,17740363.30
7267,3782469.50
7268,9119056.45
7269,2920251.21
7270,0.00
7271,16621825.16
7272,14817676.02
7273,0.00
7274,0.00
7275,0.00
7276,25441551.66
7277,0.00
7278,0.00
7279,5042746.10
7280,0.00
7281,0.00
7282,0.00
7283,7353128.13
7284,0.00
7285,0.00
7286,0.00
7287,0.00
7288,0.00
7289,0.00
7290,3010245.82
7291,3012920.86
7292,0.00
7293,0.00
7294,0.00
7295,3191381.78
7296,72517614.29
7297,15752412.22
7298,14501863.84
7299,0.00
7300,0.00
7301,0.00
7302,0.00
7303,0.00
7304,0.00
7305,0.00
7306,0.00
7307,0.00
7308,0.00
7309,0.00
7310,0.00
7311,595441.83
7312,40176589.29
7313,0.00
7314,0.00
7315,0.00
7316,0.00
7317,0.00
7318,0.00
7319,23967621.70
7320,0.00
7321,0.00
7322,0.00
7323,0.00
7324,2224357.25
7325,0.00
7326,0.00
7327,7325036.96
7328,30697180.68
7329,5595547.67
7330,1871626.50
7331,0.00
7332,0.00
7333,0.00
7334,0.00
7335,0.00
7336,0.00
7337,0.00
7338,0.00
7339,0.00
7340,0.00
7341,0.00
7342,0.00
7343,5596822.86
7344,2809444.12
7345,4852654.75
7346,0.00
7347,0.00
7348,0.00
7349,0.00
7350,0.00
7351,0.00
7352,6015178.92
7353,78516280.25
7354,0.00
7355,0.00
7356,0.00
7357,0.00
7358,0.00
7359,27211573.36
7360,22162694.66
7361,0.00
7362,0.00
7363,0.00
7364,0.00
7365,0.00
7366,0.00
7367,39433585.73
7368,2178816.72
7369,1339345.97
7370,0.00
7371,0.00
7372,52952798.15
7373,1169620.56
7374,11468201.20
7375,0.00
7376,0.00
7377,5741557.52
7378,0.00
7379,27354175.88
7380,0.00
7381,11946093.55
7382,0.00
7383,0.00
7384,8416211.73
7385,0.00
7386,16181570.58
7387,0.00
7388,0.00
7389,0.00
7390,18416473.08
7391,0.00
7392,0.00
7393,0.00
7394,0.00
7395,0.00
7396,17324932.43
7397,0.00
7398,0.00
7399,0.00
7400,0.00
7401,0.00
7402,0.00
7403,0.00
7404,0.00
7405,651198.40
7406,0.00
7407,1722382.72
7408,0.00
7409,0.00
7410,15104305.52
7411,2226700.43
7412,30935420.54
7413,0.00
7414,4361655.08
7415,2921579.60
7416,0.00
7417,17775558.83
7418,0.00
7419,0.00
7420,0.00
7421,1758478.31
7422,0.00
7423,69476302.37
7424,724796.40
7425,0.00
7426,0.00
7427,0.00
7428,642669.66
7429,14740028.86
7430,0.00
7431,0.00
7432,5078104.87
7433,0.00
7434,2482063.81
7435,0.00
7436,0.00
7437,0.00
7438,22653505.18
7439,0.00
7440,0.00
7441,0.00
7442,0.00
7443,0.00
7444,0.00
7445,0.00
7446,0.00
7447,0.00
7448,0.00
7449,0.00
7450,2761880.36
7451,0.00
7452,0.00
7453,5777745.67
7454,0.00
7455,0.00
7456,0.00
7457,37452985.80
7458,1775041.56
7459,0.00
7460,0.00
7461,0.00
7462,6261237.56
7463,0.00
7464,3614075.29
7465,33510240.17
7466,0.00
7467,20159689.45
7468,16178188.69
7469,526702.35
7470,9917176.44
7471,4184269.35
7472,57159111.30
7473,0.00
7474,0.00
7475,4126812.46
7476,19048992.28
7477,0.00
7478,89802291.33
7479,0.00
7480,5837975.92
7481,0.00
7482,25560292.97
7483,323904.05
7484,2472597.23
7485,0.00
7486,695701.14
7487,0.00
7488,0.00
7489,11971781.26
7490,1113457.34
7491,0.00
7492,0.00
7493,0.00
7494,0.00
7495,0.00
7496,0.00
7497,0.00
7498,0.00
7499,0.00
7500,1447051.55
7501,2512663.60
7502,8305413.59
7503,2172326.26
7504,3768612.20
7505,0.00
7506,0.00
7507,0.00
7508,0.00
7509,0.00
7510,9595611.47
7511,0.00
7512,0.00
7513,977489.54
7514,3092496.06
7515,0.00
7516,1857479.32
7517,0.00
7518,0.00
7519,13061335.43
7520,689768.56
7521,0.00
7522,1088672.58
7523,1026042.57
7524,0.00
7525,0.00
7526,1180846.08
7527,6100816.44
7528,0.00
7529,0.00
7530,102177.13
7531,1912052.62
7532,872589.13
7533,0.00
7534,0.00
7535,0.00
7536,0.00
7537,0.00
7538,0.00
7539,0.00
7540,31472137.23
7541,0.00
7542,0.00
7543,0.00
7544,0.00
7545,0.00
7546,4237777.54
7547,0.00
7548,18653208.14
7549,0.00
7550,17853740.48
7551,0.00
7552,5759828.75
7553,0.00
7554,2493622.68
7555,4426300.40
7556,260902.32
7557,0.00
7558,0.00
7559,1352603.20
7560,6612785.19
7561,0.00
7562,2523802.36
7563,0.00
7564,0.00
7565,1702175.12
7566,1845911.74
7567,0.00
7568,1262599.07
7569,0.00
7570,112895768.48
7571,4210647.67
7572,0.00
7573,2499694.41
7574,3326261.40
7575,0.00
7576,0.00
7577,51940856.52
7578,0.00
7579,0.00
7580,18628082.41
7581,0.00
7582,0.00
7583,11137242.77
7584,0.00
7585,0.00
7586,0.00
7587,5707724.58
7588,0.00
7589,0.00
7590,4300090.05
7591,15033160.10
7592,4948919.47
7593,654818.45
7594,54749668.81
7595,0.00
7596,301609.86
7597,1645934.95
7598,14991662.42
7599,4419296.88
7600,41911173.53
7601,0.00
7602,0.00
7603,1815367.29
7604,22427258.20
7605,0.00
7606,0.00
7607,13294659.01
7608,29365786.44
7609,0.00
7610,0.00
7611,0.00
7612,131334218.61
7613,1044389.99
7614,1420084.24
7615,4296276.83
7616,0.00
7617,0.00
7618,0.00
7619,0.00
7620,39496198.97
7621,1980275.96
7622,3759784.61
7623,0.00
7624,0.00
7625,0.00
7626,0.00
7627,0.00
7628,1858612.41
7629,36911880.54
7630,0.00
7631,407823.20
7632,0.00
7633,0.00
7634,317165.49
7635,0.00
7636,0.00
7637,0.00
7638,655793.04
7639,25957633.57
7640,8639639.03
7641,0.00
7642,0.00
7643,2597721.37
7644,0.00
7645,5946416.48
7646,0.00
7647,32992126.53
7648,46919754.70
7649,0.00
7650,3958776.60
7651,0.00
7652,19414687.28
7653,0.00
7654,0.00
7655,0.00
7656,895989.67
7657,645576.80
7658,9181177.15
7659,0.00
7660,0.00
7661,23223303.86
7662,7984681.16
7663,0.00
7664,0.00
7665,0.00
7666,0.00
7667,0.00
7668,4511972.09
7669,0.00
7670,5415070.87
7671,0.00
7672,175208.74
7673,7425276.25
7674,36172459.58
7675,0.00
7676,2493617.19
7677,0.00
7678,0.00
7679,0.00
7680,1630864.15
7681,20449588.67
7682,0.00
7683,0.00
7684,0.00
7685,501836.21
7686,0.00
7687,1002479.16
7688,5875766.17
7689,2625637.82
7690,3023553.90
7691,0.00
7692,3672408.96
7693,0.00
7694,0.00
7695,6910446.81
7696,0.00
7697,0.00
7698,13902074.52
7699,4464437.95
7700,0.00
7701,0.00
7702,3826858.13
7703,4514434.53
7704,4879769.54
7705,9929923.84
7706,0.00
7707,0.00
7708,0.00
7709,0.00
7710,14037956.67
7711,11654085.95
7712,1751127.50
7713,0.00
7714,6847480.30
7715,0.00
7716,4831927.69
7717,4772855.35
7718,0.00
7719,0.00
7720,2091282.34
7721,0.00
7722,0.00
7723,9873851.16
7724,0.00
7725,0.00
7726,539118.65
7727,2130269.35
7728,11991209.29
7729,0.00
7730,0.00
7731,0.00
7732,492178.03
7733,0.00
7734,0.00
7735,0.00
7736,85895903.34
7737,0.00
7738,0.00
7739,13372840.20
7740,0.00
7741,0.00
7742,0.00
7743,4114756.54
7744,7994817.71
7745,10499724.38
7746,3593883.17
7747,0.00
7748,0.00
7749,0.00
7750,2362016.57
7751,292348672.82
7752,0.00
7753,13551618.42
7754,1675401.30
7755,5248122.54
7756,0.00
7757,0.00
7758,0.00
7759,0.00
7760,0.00
7761,11803470.43
7762,69161611.62
7763,0.00
7764,172229.50
7765,0.00
7766,16994028.46
7767,19149466.85
7768,0.00
7769,5260723.60
7770,0.00
7771,12072636.77
7772,0.00
7773,458517.91
7774,18387446.01
7775,0.00
7776,0.00
7777,0.00
7778,579485.17
7779,13773831.01
7780,3194351.54
7781,0.00
7782,854234.87
7783,8234844.85
7784,42839650.40
7785,0.00
7786,0.00
7787,0.00
7788,0.00
7789,0.00
7790,0.00
7791,60603996.95
7792,0.00
7793,0.00
7794,0.00
7795,0.00
7796,1882513.13
7797,21178880.90
7798,4845107.26
7799,14068397.35
7800,0.00
7801,1671031.44
7802,0.00
7803,5446418.26
7804,0.00
7805,28699716.39
7806,0.00
7807,1876205.65
7808,0.00
7809,0.00
7810,0.00
7811,0.00
7812,0.00
7813,2784467.41
7814,0.00
7815,0.00
7816,0.00
7817,0.00
7818,33732038.29
7819,1021476.31
7820,23232811.65
7821,2962867.54
7822,0.00
7823,0.00
7824,8069993.79
7825,0.00
7826,51991522.68
7827,0.00
7828,0.00
7829,0.00
7830,0.00
7831,0.00
7832,8460503.33
7833,0.00
7834,4283232.64
7835,11946925.44
7836,0.00
7837,2994974.52
7838,0.00
7839,0.00
7840,0.00
7841,0.00
7842,0.00
7843,0.00
7844,0.00
7845,0.00
7846,34376057.51
7847,41514106.78
7848,1079647.02
7849,0.00
7850,0.00
7851,0.00
7852,0.00
7853,0.00
7854,17456445.16
7855,0.00
7856,4257418.60
7857,0.00
7858,0.00
7859,3313377.78
7860,3076975.27
7861,0.00
7862,2437695.82
7863,8269971.97
7864,6905455.32
7865,0.00
7866,0.00
7867,0.00
7868,1704982.66
7869,0.00
7870,1527515.37
7871,728151.32
7872,387323.61
7873,221101545.02
7874,0.00
7875,0.00
7876,0.00
7877,0.00
7878,0.00
7879,4627330.86
7880,0.00
7881,1311956.35
7882,0.00
7883,0.00
7884,0.00
7885,0.00
7886,18849264.11
7887,0.00
7888,2456483.83
7889,18943747.80
7890,0.00
7891,0.00
7892,6891819.13
7893,21603805.31
7894,2743689.33
7895,0.00
7896,10126956.59
7897,0.00
7898,0.00
7899,21359111.32
7900,3182696.84
7901,0.00
7902,2915715.47
7903,0.00
7904,0.00
7905,35574793.41
7906,25612185.53
7907,0.00
7908,40359126.18
7909,0.00
7910,0.00
7911,1998782.34
7912,0.00
7913,0.00
7914,41700953.31
7915,0.00
7916,65166523.70
7917,0.00
7918,10329733.67
7919,0.00
7920,0.00
7921,3018646.35
7922,7270041.49
7923,49243068.54
7924,9893632.60
7925,0.00
7926,2608502.47
7927,0.00
7928,5308626.59
7929,0.00
7930,0.00
7931,0.00
7932,4645270.62
7933,0.00
7934,0.00
7935,2037712.70
7936,0.00
7937,0.00
7938,0.00
7939,6155977.98
7940,0.00
7941,121080062.14
7942,0.00
7943,0.00
7944,0.00
7945,0.00
7946,0.00
7947,7948156.07
7948,396444.48
7949,0.00
7950,27030632.16
7951,1549471.66
7952,0.00
7953,1487896.04
7954,0.00
7955,0.00
7956,0.00
7957,0.00
7958,0.00
7959,403591.82
7960,0.00
7961,0.00
7962,5802511.37
7963,0.00
7964,0.00
7965,0.00
7966,746112.80
7967,0.00
7968,85658544.03
7969,1824981.49
7970,0.00
7971,0.00
7972,0.00
7973,26498073.68
7974,0.00
7975,14217869.96
7976,0.00
7977,4921096.18
7978,0.00
7979,0.00
7980,345837.05
7981,0.00
7982,0.00
7983,0.00
7984,0.00
7985,0.00
7986,0.00
7987,0.00
7988,0.00
7989,0.00
7990,5976232.41
7991,0.00
7992,0.00
7993,0.00
7994,0.00
7995,0.00
7996,0.00
7997,0.00
7998,0.00
7999,0.00
8000,4080731.93
8001,9131087.10
8002,2948622.25
8003,0.00
8004,0.00
8005,0.00
8006,0.00
8007,3196502.34
8008,0.00
8009,0.00
8010,2382230.35
8011,0.00
8012,0.00
8013,4157840.93
8014,0.00
8015,0.00
8016,0.00
8017,0.00
8018,0.00
8019,0.00
8020,672633.30
8021,0.00
8022,0.00
8023,0.00
8024,0.00
8025,765121.60
8026,0.00
8027,8261302.36
8028,2404853.18
8029,0.00
8030,0.00
8031,1880305.63
8032,6517354.46
8033,0.00
8034,0.00
8035,5579942.68
8036,1061271.22
8037,13447111.88
8038,0.00
8039,0.00
8040,825189.19
8041,5436414.33
8042,3037103.00
8043,0.00
8044,0.00
8045,0.00
8046,13699102.20
8047,0.00
8048,0.00
8049,0.00
8050,1921945.55
8051,0.00
8052,63690699.98
8053,0.00
8054,19954749.29
8055,0.00
8056,6948269.91
8057,0.00
8058,18562144.93
8059,0.00
8060,0.00
8061,0.00
8062,5208282.50
8063,0.00
8064,475399.20
8065,2670918.79
8066,9256507.38
8067,13849858.60
8068,0.00
8069,0.00
8070,0.00
8071,5212935.39
8072,2246305.18
8073,0.00
8074,1816701.63
8075,17388877.64
8076,0.00
8077,0.00
8078,10891153.87
8079,0.00
8080,0.00
8081,0.00
8082,45519018.83
8083,53539854.55
8084,0.00
8085,0.00
8086,15783670.53
8087,8862486.01
8088,0.00
8089,8981757.37
8090,0.00
8091,1449350.91
8092,0.00
8093,0.00
8094,0.00
8095,14396204.34
8096,0.00
8097,565798.89
8098,0.00
8099,0.00
8100,0.00
8101,0.00
8102,3499660.48
8103,0.00
8104,0.00
8105,0.00
8106,0.00
8107,1156925.06
8108,0.00
8109,0.00
8110,9506931.62
8111,0.00
8112,0.00
8113,0.00
8114,0.00
8115,0.00
8116,2608578.77
8117,0.00
8118,0.00
8119,0.00
8120,0.00
8121,0.00
8122,10765682.08
8123,0.00
8124,0.00
8125,0.00
8126,0.00
8127,73214426.55
8128,0.00
8129,0.00
8130,0.00
8131,0.00
8132,0.00
8133,0.00
8134,0.00
8135,0.00
8136,22233469.60
8137,8354842.06
8138,0.00
8139,0.00
8140,0.00
8141,17667343.82
8142,0.00
8143,0.00
8144,0.00
8145,8125202.05
8146,0.00
8147,0.00
8148,1941645.40
8149,1325321.12
8150,0.00
8151,0.00
8152,0.00
8153,0.00
8154,0.00
8155,0.00
8156,0.00
8157,6852616.35
8158,140170.20
8159,0.00
8160,0.00
8161,2325650.61
8162,0.00
8163,0.00
8164,20376973.85
8165,11262329.77
8166,0.00
8167,5524157.99
8168,0.00
8169,0.00
8170,5830607.87
8171,0.00
8172,0.00
8173,0.00
8174,0.00
8175,2013055.36
8176,0.00
8177,0.00
8178,0.00
8179,0.00
8180,0.00
8181,0.00
8182,1953480.59
8183,0.00
8184,0.00
8185,0.00
8186,0.00
8187,0.00
8188,0.00
8189,0.00
8190,0.00
8191,492633.62
8192,11370992.69
8193,0.00
8194,0.00
8195,4170712.79
8196,0.00
8197,0.00
8198,0.00
8199,46291363.98
8200,0.00
8201,11182053.03
8202,0.00
8203,0.00
8204,0.00
8205,0.00
8206,0.00
8207,0.00
8208,2679004.32
8209,0.00
8210,0.00
8211,0.00
8212,7620157.16
8213,4674576.51
8214,4307730.39
8215,0.00
8216,0.00
8217,11659597.82
8218,0.00
8219,0.00
8220,8383646.95
8221,0.00
8222,72698511.17
8223,5050860.05
8224,1012478.64
8225,0.00
8226,0.00
8227,0.00
8228,0.00
8229,0.00
8230,0.00
8231,0.00
8232,0.00
8233,0.00
8234,1657588.67
8235,0.00
8236,0.00
8237,0.00
8238,0.00
8239,0.00
8240,31768606.10
8241,0.00
8242,0.00
8243,0.00
8244,0.00
8245,0.00
8246,3378757.22
8247,45926725.08
8248,0.00
8249,0.00
8250,26411527.68
8251,0.00
8252,0.00
8253,0.00
8254,0.00
8255,0.00
8256,0.00
8257,0.00
8258,0.00
8259,13345388.26
8260,0.00
8261,0.00
8262,0.00
8263,0.00
8264,0.00
8265,0.00
8266,1759887.34
8267,0.00
8268,8583903.69
8269,0.00
8270,764177.85
8271,0.00
8272,25567101.33
8273,0.00
8274,347834.12
8275,0.00
8276,0.00
8277,4310760.36
8278,0.00
8279,0.00
8280,0.00
8281,0.00
8282,0.00
8283,0.00
8284,0.00
8285,0.00
8286,0.00
8287,9597922.12
8288,34703352.89
8289,816262.01
8290,0.00
8291,0.00
8292,0.00
8293,0.00
8294,2586377.43
8295,3297431.73
8296,7375901.20
8297,0.00
8298,0.00
8299,0.00
8300,0.00
8301,0.00
8302,0.00
8303,0.00
8304,0.00
8305,48343788.82
8306,0.00
8307,0.00
8308,0.00
8309,0.00
8310,0.00
8311,0.00
8312,8924312.31
8313,0.00
8314,0.00
8315,11310400.43
8316,0.00
8317,3946644.59
8318,968093.34
8319,0.00
8320,0.00
8321,0.00
8322,9528661.98
8323,0.00
8324,0.00
8325,0.00
8326,0.00
8327,16049831.52
8328,11090389.29
8329,0.00
8330,0.00
8331,0.00
8332,1169751.17
8333,1113482.25
8334,21947924.24
8335,9337579.47
8336,4542257.01
8337,0.00
8338,0.00
8339,0.00
8340,4766108.45
8341,1613348.06
8342,0.00
8343,382568.95
8344,0.00
8345,0.00
8346,0.00
8347,8209799.64
8348,0.00
8349,15916608.92
8350,1424490.14
8351,0.00
8352,0.00
8353,5408227.65
8354,6365396.38
8355,1751852.89
8356,0.00
8357,0.00
8358,1515669.37
8359,16065612.12
8360,0.00
8361,0.00
8362,0.00
8363,0.00
8364,5401853.28
8365,0.00
8366,0.00
8367,0.00
8368,10748873.28
8369,0.00
8370,0.00
8371,2491082.69
8372,0.00
8373,77683060.60
8374,0.00
8375,11179314.66
8376,0.00
8377,0.00
8378,0.00
8379,0.00
8380,5182950.92
8381,0.00
8382,0.00
8383,0.00
8384,0.00
8385,14534532.28
8386,11415621.23
8387,3921321.13
8388,0.00
8389,0.00
8390,0.00
8391,0.00
8392,0.00
8393,723962.59
8394,178928414.51
8395,0.00
8396,0.00
8397,4310261.07
8398,0.00
8399,4114029.59
8400,0.00
8401,51631851.92
8402,5758099.77
8403,0.00
8404,0.00
8405,0.00
8406,5646132.48
8407,0.00
8408,0.00
8409,0.00
8410,35850415.00
8411,0.00
8412,0.00
8413,0.00
8414,52525838.71
8415,31153584.27
8416,74291648.15
8417,0.00
8418,0.00
8419,0.00
8420,0.00
8421,40137689.64
8422,0.00
8423,0.00
8424,11006042.16
8425,59408276.70
8426,16444968.77
8427,5109523.78
8428,0.00
8429,705982.96
8430,0.00
8431,20857516.00
8432,0.00
8433,0.00
8434,0.00
8435,1132737.35
8436,0.00
8437,0.00
8438,8802348.20
8439,0.00
8440,1974117.06
8441,0.00
8442,0.00
8443,0.00
8444,11651776.14
8445,0.00
8446,1628394.43
8447,0.00
8448,1946028.40
8449,0.00
8450,0.00
8451,0.00
8452,0.00
8453,2116411.36
8454,0.00
8455,13026086.97
8456,0.00
8457,383887.96
8458,1267561.09
8459,671423.45
8460,0.00
8461,13993789.45
8462,3726136.09
8463,4934355.63
8464,2217873.04
8465,0.00
8466,0.00
8467,0.00
8468,12059964.98
8469,2004118.27
8470,0.00
8471,0.00
8472,9998524.55
8473,0.00
8474,20022719.30
8475,419921.15
8476,3491852.99
8477,0.00
8478,0.00
8479,0.00
8480,0.00
8481,22919705.58
8482,9886078.63
8483,0.00
8484,0.00
8485,0.00
8486,0.00
8487,0.00
8488,0.00
8489,0.00
8490,0.00
8491,0.00
8492,0.00
8493,0.00
8494,0.00
8495,0.00
8496,0.00
8497,0.00
8498,0.00
8499,0.00
8500,0.00
8501,0.00
8502,0.00
8503,0.00
8504,0.00
8505,0.00
8506,0.00
8507,0.00
8508,0.00
8509,0.00
8510,5738670.41
8511,5274672.97
8512,1975489.45
8513,0.00
8514,0.00
8515,0.00
8516,0.00
8517,1327466.59
8518,2922586.84
8519,0.00
8520,0.00
8521,0.00
8522,0.00
8523,0.00
8524,80725175.07
8525,2861006.63
8526,0.00
8527,29574097.41
8528,4855152.20
8529,0.00
8530,205066.26
8531,25719528.50
8532,6311968.65
8533,44965772.42
8534,455410.52
8535,538556.36
8536,0.00
8537,2000419.99
8538,9225084.96
8539,3445451.39
8540,0.00
8541,4582503.47
8542,0.00
8543,2701526.43
8544,1397498.43
8545,9693811.60
8546,0.00
8547,0.00
8548,0.00
8549,0.00
8550,0.00
8551,0.00
8552,4193766.64
8553,0.00
8554,0.00
8555,0.00
8556,0.00
8557,0.00
8558,0.00
8559,0.00
8560,0.00
8561,7473583.93
8562,0.00
8563,0.00
8564,0.00
8565,0.00
8566,0.00
8567,0.00
8568,0.00
8569,0.00
8570,0.00
8571,5684381.18
8572,7706337.22
8573,0.00
8574,0.00
8575,21922833.82
8576,0.00
8577,10149203.35
8578,1317524.99
8579,23214487.73
8580,3857853.24
8581,0.00
8582,0.00
8583,0.00
8584,0.00
8585,0.00
8586,0.00
8587,502919.74
8588,0.00
8589,0.00
8590,0.00
8591,0.00
8592,5156988.34
8593,3700442.82
8594,0.00
8595,19077614.97
8596,0.00
8597,39714.12
8598,6522564.59
8599,0.00
8600,1813973.03
8601,3240035.65
8602,0.00
8603,22018797.75
8604,0.00
8605,0.00
8606,13393156.28
8607,5075801.58
8608,0.00
8609,0.00
8610,0.00
8611,0.00
8612,9608744.83
8613,0.00
8614,2693869.84
8615,0.00
8616,0.00
8617,0.00
8618,0.00
8619,0.00
8620,0.00
8621,0.00
8622,0.00
8623,1381573.82
8624,30516855.07
8625,0.00
8626,0.00
8627,23412743.31
8628,0.00
8629,2300703.24
8630,0.00
8631,72246408.30
8632,0.00
8633,8223641.30
8634,99521977.28
8635,0.00
8636,1901114.76
8637,0.00
8638,0.00
8639,0.00
8640,0.00
8641,0.00
8642,0.00
8643,576736.49
8644,521207.07
8645,0.00
8646,0.00
8647,42707441.49
8648,922370.88
8649,0.00
8650,2479378.17
8651,0.00
8652,1122032.91
8653,8393938.05
8654,0.00
8655,0.00
8656,7277440.35
8657,0.00
8658,2113353.19
8659,0.00
8660,0.00
8661,3127317.86
8662,0.00
8663,0.00
8664,2291647.70
8665,415303.85
8666,0.00
8667,0.00
8668,0.00
8669,5794293.89
8670,16553030.74
8671,0.00
8672,0.00
8673,0.00
8674,0.00
8675,3267710.61
8676,0.00
8677,0.00
8678,0.00
8679,3443146.77
8680,0.00
8681,1763439.73
8682,0.00
8683,0.00
8684,31405495.79
8685,3398135.80
8686,1120937.17
8687,0.00
8688,8870049.99
8689,0.00
8690,3149832.51
8691,82186797.90
8692,0.00
8693,5286548.59
8694,750678.10
8695,0.00
8696,0.00
8697,0.00
8698,0.00
8699,0.00
8700,12096313.29
8701,8054656.59
8702,0.00
8703,0.00
8704,0.00
8705,0.00
8706,0.00
8707,0.00
8708,458345.04
8709,7943705.87
8710,11902031.61
8711,2447054.82
8712,937490.60
8713,0.00
8714,58138466.16
8715,55589509.88
8716,0.00
8717,9766528.05
8718,0.00
8719,318373.31
8720,0.00
8721,13504268.41
8722,1275094.38
8723,0.00
8724,0.00
8725,0.00
8726,0.00
8727,2458441.57
8728,0.00
8729,0.00
8730,5339635.01
8731,4073815.14
8732,0.00
8733,20467357.81
8734,0.00
8735,0.00
8736,0.00
8737,0.00
8738,15894965.15
8739,0.00
8740,6563030.79
8741,4199661.69
8742,0.00
8743,0.00
8744,3273249.18
8745,6991946.35
8746,22228536.00
8747,1949325.26
8748,0.00
8749,0.00
8750,0.00
8751,33683774.98
8752,76729920.17
8753,0.00
8754,0.00
8755,0.00
8756,3266716.77
8757,48065391.60
8758,1376030.76
8759,0.00
8760,0.00
8761,18772218.42
8762,0.00
8763,0.00
8764,0.00
8765,0.00
8766,0.00
8767,0.00
8768,7576214.29
8769,0.00
8770,519288.57
8771,0.00
8772,0.00
8773,0.00
8774,0.00
8775,0.00
8776,5313036.24
8777,5542205.92
8778,0.00
8779,0.00
8780,0.00
8781,12147552.80
8782,0.00
8783,0.00
8784,1808583.26
8785,0.00
8786,0.00
8787,4437112.52
8788,40782023.81
8789,0.00
8790,0.00
8791,0.00
8792,0.00
8793,7241494.52
8794,0.00
8795,54693832.22
8796,0.00
8797,520711.02
8798,0.00
8799,4019547.07
8800,0.00
8801,0.00
8802,0.00
8803,4487138.98
8804,0.00
8805,2961352.60
8806,0.00
8807,12827099.79
8808,0.00
8809,38973842.31
8810,0.00
8811,0.00
8812,3304614.66
8813,0.00
8814,0.00
8815,0.00
8816,0.00
8817,0.00
8818,4744231.87
8819,5159315.47
8820,0.00
8821,8852310.11
8822,0.00
8823,0.00
8824,3296621.41
8825,0.00
8826,0.00
8827,704262.17
8828,13167237.24
8829,0.00
8830,0.00
8831,0.00
8832,9618505.94
8833,0.00
8834,0.00
8835,0.00
8836,0.00
8837,47631023.95
8838,0.00
8839,0.00
8840,0.00
8841,0.00
8842,17455561.50
8843,0.00
8844,0.00
8845,0.00
8846,0.00
8847,0.00
8848,0.00
8849,0.00
8850,0.00
8851,0.00
8852,6847251.73
8853,0.00
8854,0.00
8855,30096347.00
8856,0.00
8857,158833786.35
8858,3900121.53
8859,3765084.18
8860,4290840.77
8861,4592525.87
8862,0.00
8863,0.00
8864,0.00
8865,0.00
8866,0.00
8867,11064709.15
8868,0.00
8869,15801281.53
8870,0.00
8871,4015738.38
8872,0.00
8873,2689203.65
8874,0.00
8875,0.00
8876,17650768.71
8877,104097228.41
8878,0.00
8879,31468932.69
8880,0.00
8881,0.00
8882,66479521.22
8883,0.00
8884,5719195.53
8885,0.00
8886,0.00
8887,0.00
8888,0.00
8889,0.00
8890,1045149.58
8891,0.00
8892,0.00
8893,0.00
8894,0.00
8895,0.00
8896,0.00
8897,670017.37
8898,1493564.05
8899,0.00
8900,0.00
8901,0.00
8902,1305845.10
8903,7191082.22
8904,0.00
8905,0.00
8906,6049086.34
8907,0.00
8908,5859021.12
8909,206775.81
8910,5546573.28
8911,0.00
8912,0.00
8913,5926582.82
8914,0.00
8915,0.00
8916,0.00
8917,0.00
8918,0.00
8919,0.00
8920,7294532.67
8921,0.00
8922,0.00
8923,0.00
8924,1835188.88
8925,0.00
8926,5698353.44
8927,0.00
8928,0.00
8929,50645444.27
8930,0.00
8931,0.00
8932,0.00
8933,0.00
8934,0.00
8935,0.00
8936,0.00
8937,14038198.44
8938,0.00
8939,0.00
8940,8635140.00
8941,4431826.70
8942,1075996.49
8943,0.00
8944,0.00
8945,19683283.90
8946,0.00
8947,0.00
8948,0.00
8949,8869720.05
8950,0.00
8951,0.00
8952,0.00
8953,0.00
8954,6956122.32
8955,2025196.10
8956,1332162.92
8957,0.00
8958,0.00
8959,0.00
8960,30512733.77
8961,0.00
8962,0.00
8963,0.00
8964,0.00
8965,0.00
8966,0.00
8967,0.00
8968,757559.38
8969,8818488.51
8970,0.00
8971,1225289.60
8972,0.00
8973,40084640.70
8974,0.00
8975,0.00
8976,0.00
8977,0.00
8978,0.00
8979,48636772.92
8980,5949173.70
8981,0.00
8982,0.00
8983,0.00
8984,0.00
8985,0.00
8986,4879914.32
8987,0.00
8988,9965005.66
8989,0.00
8990,0.00
8991,1645044.97
8992,0.00
8993,0.00
8994,0.00
8995,0.00
8996,0.00
8997,347706.40
8998,4593407.47
8999,0.00
9000,741095.48
9001,0.00
9002,0.00
9003,0.00
9004,1890788.23
9005,0.00
9006,10215963.68
9007,0.00
9008,4920973.86
9009,45148395.63
9010,0.00
9011,12450527.28
9012,0.00
9013,212065329.04
9014,0.00
9015,0.00
9016,0.00
9017,0.00
9018,590880.12
9019,0.00
9020,54405328.87
9021,0.00
9022,4883558.66
9023,0.00
9024,0.00
9025,0.00
9026,0.00
9027,5946654.56
9028,7521033.01
9029,9948151.33
9030,30496193.41
9031,0.00
9032,0.00
9033,264189.84
9034,0.00
9035,0.00
9036,0.00
9037,0.00
9038,0.00
9039,0.00
9040,0.00
9041,0.00
9042,0.00
9043,3933774.14
9044,775565.65
9045,0.00
9046,154177072.40
9047,0.00
9048,65831345.72
9049,22197201.21
9050,15920561.05
9051,23129431.98
9052,0.00
9053,2591375.41
9054,0.00
9055,0.00
9056,0.00
9057,0.00
9058,0.00
9059,0.00
9060,55915192.28
9061,0.00
9062,0.00
9063,2993189.16
9064,0.00
9065,0.00
9066,0.00
9067,0.00
9068,0.00
9069,0.00
9070,2241825.43
9071,0.00
9072,0.00
9073,0.00
9074,2786793.18
9075,758638.85
9076,0.00
9077,0.00
9078,0.00
9079,0.00
9080,0.00
9081,0.00
9082,178713668.61
9083,36125516.15
9084,2794642.71
9085,0.00
9086,9486185.97
9087,10168792.69
9088,37417657.61
9089,3685219.11
9090,0.00
9091,16503920.09
9092,32424936.50
9093,3591013.00
9094,2361433.73
9095,0.00
9096,6828489.94
9097,7266607.83
9098,3704918.56
9099,2458740.73
9100,0.00
9101,3167516.91
9102,0.00
9103,0.00
9104,18535071.28
9105,31998332.26
9106,0.00
9107,0.00
9108,0.00
9109,0.00
9110,2461908.51
9111,68499276.99
9112,0.00
9113,0.00
9114,0.00
9115,53182354.90
9116,912729.29
9117,0.00
9118,0.00
9119,18526943.75
9120,0.00
9121,0.00
9122,4300032.78
9123,0.00
9124,0.00
9125,0.00
9126,0.00
9127,0.00
9128,0.00
9129,8485939.38
9130,0.00
9131,0.00
9132,102356022.02
9133,0.00
9134,7488923.85
9135,0.00
9136,0.00
9137,0.00
9138,7259599.89
9139,1508688.88
9140,909282.91
9141,0.00
9142,8026004.09
9143,0.00
9144,0.00
9145,2416649.66
9146,15820100.62
9147,8213741.10
9148,0.00
9149,0.00
9150,0.00
9151,82081701.60
9152,0.00
9153,0.00
9154,0.00
9155,0.00
9156,0.00
9157,0.00
9158,0.00
9159,0.00
9160,0.00
9161,0.00
9162,2130116.82
9163,0.00
9164,0.00
9165,7338181.73
9166,0.00
9167,0.00
9168,0.00
9169,0.00
9170,0.00
9171,0.00
9172,0.00
9173,4537335.42
9174,1614046.70
9175,0.00
9176,0.00
9177,10238081.98
9178,0.00
9179,0.00
9180,2321385.24
9181,0.00
9182,25408235.11
9183,6025330.62
9184,0.00
9185,0.00
9186,0.00
9187,2925083.83
9188,0.00
9189,0.00
9190,0.00
9191,0.00
9192,1895365.51
9193,0.00
9194,0.00
9195,3544117.32
9196,0.00
9197,0.00
9198,0.00
9199,0.00
9200,0.00
9201,0.00
9202,13436313.09
9203,438931.75
9204,203197910.18
9205,4482837.13
9206,7930524.87
9207,0.00
9208,0.00
9209,47459131.34
9210,0.00
9211,0.00
9212,0.00
9213,79922488.55
9214,1554727.61
9215,0.00
9216,0.00
9217,8034076.12
9218,1205843.05
9219,4462967.10
9220,0.00
9221,0.00
9222,50908092.58
9223,0.00
9224,0.00
9225,18539719.86
9226,2259643.73
9227,0.00
9228,0.00
9229,0.00
9230,0.00
9231,0.00
9232,0.00
9233,14639745.23
9234,7203418.95
9235,9178676.19
9236,37568016.79
9237,0.00
9238,0.00
9239,3959389.89
9240,0.00
9241,1541058.57
9242,41643730.27
9243,0.00
9244,0.00
9245,1203776.63
9246,14803726.97
9247,1294957.29
9248,5614241.15
9249,6378399.94
9250,448766.36
9251,0.00
9252,0.00
9253,2141277.47
9254,0.00
9255,0.00
9256,0.00
9257,0.00
9258,0.00
9259,0.00
9260,0.00
9261,6895519.47
9262,0.00
9263,0.00
9264,4773684.74
9265,0.00
9266,0.00
9267,0.00
9268,25891941.74
9269,0.00
9270,509296.73
9271,0.00
9272,0.00
9273,8967347.93
9274,0.00
9275,0.00
9276,0.00
9277,730688.88
9278,0.00
9279,0.00
9280,0.00
9281,1124310.56
9282,0.00
9283,1072840.70
9284,0.00
9285,10090400.50
9286,0.00
9287,304324.50
9288,20776027.87
9289,0.00
9290,0.00
9291,2922576.80
9292,0.00
9293,0.00
9294,907391.37
9295,0.00
9296,0.00
9297,0.00
9298,0.00
9299,0.00
9300,0.00
9301,0.00
9302,8977894.34
9303,27401806.20
9304,0.00
9305,0.00
9306,0.00
9307,0.00
9308,0.00
9309,0.00
9310,0.00
9311,0.00
9312,3637342.85
9313,0.00
9314,9831470.27
9315,0.00
9316,13771146.96
9317,20394739.93
9318,3100242.66
9319,0.00
9320,0.00
9321,0.00
9322,0.00
9323,10259909.48
9324,0.00
9325,0.00
9326,4029699.79
9327,120311.35
9328,5326804.10
9329,3542791.17
9330,0.00
9331,7827849.16
9332,12927971.88
9333,0.00
9334,9598267.39
9335,0.00
9336,0.00
9337,0.00
9338,0.00
9339,0.00
9340,0.00
9341,0.00
9342,30962753.44
9343,0.00
9344,12040571.68
9345,0.00
9346,0.00
9347,0.00
9348,0.00
9349,0.00
9350,0.00
9351,3632346.52
9352,2836295.37
9353,0.00
9354,18827935.47
9355,4175360.43
9356,0.00
9357,0.00
9358,0.00
9359,0.00
9360,0.00
9361,0.00
9362,1409698.84
9363,0.00
9364,0.00
9365,2269854.50
9366,0.00
9367,0.00
9368,0.00
9369,0.00
9370,1725990.64
9371,3668414.28
9372,0.00
9373,0.00
9374,6245114.42
9375,1345808.25
9376,1219865.61
9377,6146966.56
9378,0.00
9379,1232568.84
9380,0.00
9381,0.00
9382,17784201.89
9383,17708039.55
9384,0.00
9385,0.00
9386,4701621.02
9387,0.00
9388,443113.28
9389,11219166.10
9390,384475.47
9391,1122847.17
9392,8000194.10
9393,0.00
9394,3744378.75
9395,0.00
9396,0.00
9397,0.00
9398,0.00
9399,0.00
9400,0.00
9401,0.00
9402,0.00
9403,5370200.11
9404,0.00
9405,1070652.39
9406,0.00
9407,1232983.11
9408,0.00
9409,0.00
9410,5648807.25
9411,0.00
9412,4377219.96
9413,0.00
9414,0.00
9415,0.00
9416,0.00
9417,29602354.39
9418,0.00
9419,0.00
9420,0.00
9421,1209909.98
9422,2626798.64
9423,0.00
9424,2165051.74
9425,0.00
9426,426855.71
9427,0.00
9428,0.00
9429,4486189.02
9430,0.00
9431,0.00
9432,4231007.83
9433,0.00
9434,0.00
9435,0.00
9436,0.00
9437,4609090.43
9438,0.00
9439,0.00
9440,0.00
9441,0.00
9442,0.00
9443,0.00
9444,717957.29
9445,0.00
9446,9080064.62
9447,0.00
9448,10402060.41
9449,788604.99
9450,10538047.12
9451,13931112.39
9452,7549730.16
9453,10456675.09
9454,0.00
9455,2522815.02
9456,0.00
9457,0.00
9458,997201.66
9459,0.00
9460,0.00
9461,0.00
9462,0.00
9463,0.00
9464,1081861.53
9465,0.00
9466,27448816.32
9467,0.00
9468,0.00
9469,953508.89
9470,0.00
9471,0.00
9472,0.00
9473,0.00
9474,0.00
9475,12537318.96
9476,0.00
9477,0.00
9478,3517784.37
9479,36736804.26
9480,35409104.39
9481,33221366.41
9482,2008250.10
9483,0.00
9484,0.00
9485,1675267.36
9486,1758051.12
9487,0.00
9488,0.00
9489,0.00
9490,0.00
9491,0.00
9492,0.00
9493,0.00
9494,0.00
9495,9915129.89
9496,0.00
9497,4261234.63
9498,0.00
9499,0.00
9500,40737849.10
9501,10878470.98
9502,0.00
9503,0.00
9504,0.00
9505,32237036.92
9506,0.00
9507,31110260.28
9508,0.00
9509,0.00
9510,1604588.69
9511,0.00
9512,0.00
9513,0.00
9514,0.00
9515,3496044.12
9516,0.00
9517,2718306.73
9518,0.00
9519,1647591.66
9520,7521861.88
9521,0.00
9522,1019836.28
9523,1110841.63
9524,0.00
9525,0.00
9526,0.00
9527,0.00
9528,1622290.95
9529,0.00
9530,205793.29
9531,21306793.00
9532,4075893.39
9533,0.00
9534,0.00
9535,0.00
9536,60932584.37
9537,0.00
9538,2717403.68
9539,63554316.22
9540,4793126.38
9541,11671799.62
9542,76534249.40
9543,0.00
9544,0.00
9545,0.00
9546,0.00
9547,18340070.05
9548,20604331.88
9549,20883030.58
9550,139587.67
9551,0.00
9552,772007.35
9553,0.00
9554,40463305.69
9555,46331376.35
9556,0.00
9557,1860224.29
9558,0.00
9559,11136497.42
9560,760465.53
9561,0.00
9562,691945.33
9563,1990734.73
9564,0.00
9565,22100940.75
9566,0.00
9567,0.00
9568,0.00
9569,5681817.90
9570,270971.52
9571,1417427.31
9572,2531493.50
9573,0.00
9574,0.00
9575,152062109.91
9576,0.00
9577,2680536.71
9578,0.00
9579,0.00
9580,0.00
9581,2920701.78
9582,5480826.95
9583,4885028.05
9584,0.00
9585,0.00
9586,15462465.33
9587,0.00
9588,0.00
9589,5801895.09
9590,0.00
9591,8700797.35
9592,0.00
9593,0.00
9594,0.00
9595,1091268.61
9596,0.00
9597,1911648.19
9598,17025625.69
9599,0.00
9600,0.00
9601,0.00
9602,0.00
9603,1884979.48
9604,0.00
9605,0.00
9606,0.00
9607,50984214.23
9608,0.00
9609,0.00
9610,1957763.50
9611,0.00
9612,0.00
9613,0.00
9614,0.00
9615,0.00
9616,19387762.91
9617,0.00
9618,0.00
9619,45930560.29
9620,0.00
9621,0.00
9622,0.00
9623,9298795.83
9624,0.00
9625,18064157.53
9626,0.00
9627,0.00
9628,0.00
9629,71865501.43
9630,0.00
9631,0.00
9632,1077755.84
9633,1026998.68
9634,0.00
9635,0.00
9636,5151619.08
9637,178370.19
9638,0.00
9639,0.00
9640,2003082.33
9641,61012984.14
9642,0.00
9643,0.00
9644,0.00
9645,0.00
9646,0.00
9647,0.00
9648,0.00
9649,0.00
9650,461331.45
9651,7272928.99
9652,864542.64
9653,0.00
9654,0.00
9655,23799331.24
9656,0.00
9657,0.00
9658,0.00
9659,4469857.23
9660,1779708.95
9661,1093192.14
9662,0.00
9663,35546982.30
9664,687334.57
9665,32353176.83
9666,21376770.77
9667,0.00
9668,0.00
9669,16241800.44
9670,52959705.47
9671,0.00
9672,20474590.17
9673,161291049.66
9674,5582779.95
9675,0.00
9676,20911686.89
9677,6076233.79
9678,3909772.09
9679,0.00
9680,0.00
9681,0.00
9682,47169192.03
9683,0.00
9684,0.00
9685,0.00
9686,0.00
9687,0.00
9688,0.00
9689,0.00
9690,0.00
9691,0.00
9692,0.00
9693,18338406.73
9694,0.00
9695,981962.48
9696,0.00
9697,0.00
9698,0.00
9699,13744521.23
9700,2714978.60
9701,0.00
9702,0.00
9703,0.00
9704,0.00
9705,0.00
9706,9748729.38
9707,0.00
9708,0.00
9709,17588896.11
9710,0.00
9711,4649051.52
9712,0.00
9713,23254073.73
9714,0.00
9715,13733943.70
9716,307133.37
9717,0.00
9718,0.00
9719,1092572.26
9720,0.00
9721,372669.60
9722,0.00
9723,0.00
9724,0.00
9725,0.00
9726,15317734.16
9727,0.00
9728,0.00
9729,0.00
9730,0.00
9731,0.00
9732,0.00
9733,0.00
9734,0.00
9735,1095735.74
9736,0.00
9737,0.00
9738,1032636.98
9739,0.00
9740,12589087.95
9741,406313.62
9742,0.00
9743,9034005.07
9744,0.00
9745,3246566.77
9746,0.00
9747,0.00
9748,0.00
9749,0.00
9750,0.00
9751,521658.36
9752,0.00
9753,561350.44
9754,0.00
9755,0.00
9756,0.00
9757,0.00
9758,8297257.81
9759,0.00
9760,7898606.98
9761,0.00
9762,0.00
9763,0.00
9764,0.00
9765,2888645.75
9766,0.00
9767,0.00
9768,7400550.84
9769,0.00
9770,11392308.82
9771,0.00
9772,0.00
9773,0.00
9774,0.00
9775,0.00
9776,0.00
9777,4075896.26
9778,2779628.21
9779,0.00
9780,0.00
9781,395455.06
9782,57015601.05
9783,0.00
9784,0.00
9785,28894996.21
9786,2883667.56
9787,1142447.82
9788,22740495.92
9789,0.00
9790,0.00
9791,16065388.19
9792,0.00
9793,0.00
9794,504358.18
9795,2301141.64
9796,0.00
9797,999388.56
9798,2138176.31
9799,0.00
9800,4697259.68
9801,0.00
9802,16088924.04
9803,1602781.04
9804,4020512.41
9805,0.00
9806,15377917.84
9807,963767.08
9808,0.00
9809,14903988.71
9810,1866204.29
9811,4416568.97
9812,9886393.35
9813,526522.16
9814,0.00
9815,12911907.60
9816,0.00
9817,0.00
9818,0.00
9819,712190.12
9820,0.00
9821,1273598.46
9822,0.00
9823,13123114.69
9824,2573623.37
9825,4097532.43
9826,7972241.80
9827,0.00
9828,0.00
9829,0.00
9830,0.00
9831,11207198.38
9832,1043824.31
9833,0.00
9834,0.00
9835,0.00
9836,0.00
9837,5524785.24
9838,5181160.65
9839,0.00
9840,0.00
9841,0.00
9842,16629720.53
9843,0.00
9844,0.00
9845,0.00
9846,0.00
9847,347062.50
9848,0.00
9849,0.00
9850,4035666.31
9851,0.00
9852,0.00
9853,0.00
9854,23474764.66
9855,0.00
9856,4134061.62
9857,429842676.75
9858,0.00
9859,0.00
9860,805834.57
9861,0.00
9862,0.00
9863,0.00
9864,0.00
9865,3049960.45
9866,0.00
9867,967030.07
9868,1590822.71
9869,8335416.51
9870,0.00
9871,4711127.26
9872,0.00
9873,0.00
9874,3075655.28
9875,0.00
9876,0.00
9877,104653251.45
9878,13759717.12
9879,0.00
9880,0.00
9881,13677610.41
9882,0.00
9883,0.00
9884,0.00
9885,9657760.28
9886,0.00
9887,0.00
9888,42888266.62
9889,0.00
9890,0.00
9891,0.00
9892,0.00
9893,6029407.10
9894,0.00
9895,0.00
9896,808708.76
9897,0.00
9898,0.00
9899,5080747.93
9900,6831709.97
9901,12764770.50
9902,0.00
9903,2085088.79
9904,4305649.97
9905,46425145.26
9906,0.00
9907,0.00
9908,0.00
9909,0.00
9910,0.00
9911,5872426.35
9912,7858067.96
9913,4618199.93
9914,1942140.61
9915,0.00
9916,0.00
9917,0.00
9918,4468482.33
9919,0.00
9920,14197075.01
9921,0.00
9922,19716034.47
9923,14397730.96
9924,0.00
9925,0.00
9926,0.00
9927,0.00
9928,2335376.09
9929,0.00
9930,0.00
9931,0.00
9932,0.00
9933,0.00
9934,10171963.68
9935,0.00
9936,0.00
9937,0.00
9938,0.00
9939,0.00
9940,0.00
9941,0.00
9942,2806244.77
9943,0.00
9944,0.00
9945,0.00
9946,0.00
9947,0.00
9948,0.00
9949,0.00
9950,12991638.39
9951,2678132.14
9952,5027459.80
9953,0.00
9954,4758331.60
9955,1297884.37
9956,0.00
9957,0.00
9958,9410251.11
9959,0.00
9960,32870077.23
9961,5402206.40
9962,0.00
9963,0.00
9964,80003868.27
9965,0.00
9966,3070660.46
9967,0.00
9968,4771791.61
9969,0.00
9970,0.00
9971,0.00
9972,0.00
9973,0.00
9974,0.00
9975,1610130.53
9976,0.00
9977,4704882.43
9978,0.00
9979,0.00
9980,0.00
9981,1931006.70
9982,3839322.82
9983,5338257.24
9984,0.00
9985,1978893.44
9986,7233290.79
9987,0.00
9988,16091047.76
9989,4218051.87
9990,0.00
9991,40682713.53
9992,3472697.54
9993,2267582.73
9994,0.00
9995,0.00
9996,3612485.42
9997,0.00
9998,0.00
9999,7893290.29
10000,0.00
